id,run_id,timeStep,corridorRecommended
0,0,26,11
0,0,51,31
0,0,76,31
0,0,101,31
0,0,126,31
0,0,151,31
0,0,176,31
0,0,201,31
0,0,226,31
0,0,251,31
0,0,276,31
0,0,301,31
0,0,326,31
0,0,351,31
0,0,376,31
0,0,401,31
0,0,426,31
0,0,451,31
0,0,476,31
0,0,501,31
0,0,526,31
0,0,551,31
0,0,576,51
0,0,601,51
0,0,626,51
0,0,651,51
0,0,676,51
0,0,701,51
0,0,726,51
0,0,751,51
0,0,776,51
0,0,801,51
0,0,826,51
0,0,851,51
0,0,876,51
0,0,901,51
0,0,926,51
0,0,951,51
0,0,976,51
0,0,1001,51
0,0,1026,51
0,0,1051,51
0,0,1076,51
0,0,1101,51
0,0,1126,51
0,0,1151,51
0,0,1176,51
0,0,1201,51
0,0,1226,51
0,0,1251,51
0,0,1276,51
0,0,1301,51
1,0,26,11
1,0,51,31
1,0,76,31
1,0,101,31
1,0,126,31
1,0,151,31
1,0,176,31
1,0,201,31
1,0,226,31
1,0,251,31
1,0,276,31
1,0,301,31
1,0,326,31
1,0,351,31
1,0,376,31
1,0,401,31
1,0,426,31
1,0,451,31
1,0,476,31
1,0,501,31
1,0,526,51
1,0,551,51
1,0,576,51
1,0,601,51
1,0,626,51
1,0,651,51
1,0,676,51
1,0,701,51
1,0,726,51
1,0,751,51
1,0,776,51
1,0,801,51
1,0,826,51
1,0,851,51
1,0,876,51
1,0,901,51
1,0,926,51
1,0,951,51
1,0,976,51
1,0,1001,51
1,0,1026,51
1,0,1051,51
1,0,1076,51
1,0,1101,51
1,0,1126,51
1,0,1151,51
1,0,1176,51
1,0,1201,51
1,0,1226,51
1,0,1251,51
1,0,1276,51
1,0,1301,51
2,0,26,11
2,0,51,31
2,0,76,31
2,0,101,31
2,0,126,31
2,0,151,31
2,0,176,31
2,0,201,31
2,0,226,31
2,0,251,31
2,0,276,31
2,0,301,31
2,0,326,31
2,0,351,31
2,0,376,31
2,0,401,31
2,0,426,31
2,0,451,31
2,0,476,31
2,0,501,31
2,0,526,31
2,0,551,51
2,0,576,51
2,0,601,51
2,0,626,51
2,0,651,51
2,0,676,51
2,0,701,51
2,0,726,51
2,0,751,51
2,0,776,51
2,0,801,51
2,0,826,51
2,0,851,51
2,0,876,51
2,0,901,51
2,0,926,51
2,0,951,51
2,0,976,51
2,0,1001,51
2,0,1026,51
2,0,1051,51
2,0,1076,51
2,0,1101,51
2,0,1126,51
2,0,1151,51
2,0,1176,51
2,0,1201,51
2,0,1226,51
2,0,1251,51
2,0,1276,51
2,0,1301,51
3,0,26,31
3,0,51,31
3,0,76,31
3,0,101,31
3,0,126,31
3,0,151,31
3,0,176,31
3,0,201,31
3,0,226,31
3,0,251,31
3,0,276,31
3,0,301,31
3,0,326,31
3,0,351,31
3,0,376,31
3,0,401,31
3,0,426,31
3,0,451,31
3,0,476,31
3,0,501,31
3,0,526,31
3,0,551,51
3,0,576,51
3,0,601,51
3,0,626,51
3,0,651,51
3,0,676,51
3,0,701,51
3,0,726,51
3,0,751,51
3,0,776,51
3,0,801,51
3,0,826,51
3,0,851,51
3,0,876,51
3,0,901,51
3,0,926,51
3,0,951,51
3,0,976,51
3,0,1001,51
3,0,1026,51
3,0,1051,51
3,0,1076,51
3,0,1101,51
3,0,1126,51
3,0,1151,51
3,0,1176,51
3,0,1201,51
3,0,1226,51
3,0,1251,51
3,0,1276,51
3,0,1301,51
4,0,26,31
4,0,51,31
4,0,76,31
4,0,101,31
4,0,126,31
4,0,151,31
4,0,176,31
4,0,201,31
4,0,226,31
4,0,251,31
4,0,276,31
4,0,301,31
4,0,326,31
4,0,351,31
4,0,376,31
4,0,401,31
4,0,426,31
4,0,451,31
4,0,476,31
4,0,501,31
4,0,526,31
4,0,551,51
4,0,576,51
4,0,601,51
4,0,626,51
4,0,651,51
4,0,676,51
4,0,701,51
4,0,726,51
4,0,751,51
4,0,776,51
4,0,801,51
4,0,826,51
4,0,851,51
4,0,876,51
4,0,901,51
4,0,926,51
4,0,951,51
4,0,976,51
4,0,1001,51
4,0,1026,51
4,0,1051,51
4,0,1076,51
4,0,1101,51
4,0,1126,51
4,0,1151,51
4,0,1176,51
4,0,1201,51
4,0,1226,51
4,0,1251,51
4,0,1276,51
4,0,1301,51
5,0,26,11
5,0,51,31
5,0,76,31
5,0,101,51
5,0,126,51
5,0,151,51
5,0,176,51
5,0,201,31
5,0,226,31
5,0,251,31
5,0,276,51
5,0,301,51
5,0,326,51
5,0,351,51
5,0,376,51
5,0,401,31
5,0,426,31
5,0,451,31
5,0,476,31
5,0,501,31
5,0,526,31
5,0,551,31
5,0,576,51
5,0,601,51
5,0,626,51
5,0,651,51
5,0,676,51
5,0,701,51
5,0,726,31
5,0,751,31
5,0,776,31
5,0,801,31
5,0,826,31
5,0,851,51
5,0,876,51
5,0,901,51
5,0,926,51
5,0,951,51
5,0,976,31
5,0,1001,31
5,0,1026,31
5,0,1051,31
5,0,1076,51
5,0,1101,51
5,0,1126,51
5,0,1151,51
5,0,1176,51
5,0,1201,51
5,0,1226,51
5,0,1251,31
5,0,1276,31
5,0,1301,31
6,0,26,11
6,0,51,31
6,0,76,31
6,0,101,51
6,0,126,51
6,0,151,51
6,0,176,51
6,0,201,51
6,0,226,31
6,0,251,31
6,0,276,31
6,0,301,31
6,0,326,51
6,0,351,51
6,0,376,51
6,0,401,51
6,0,426,51
6,0,451,31
6,0,476,31
6,0,501,31
6,0,526,31
6,0,551,31
6,0,576,31
6,0,601,51
6,0,626,51
6,0,651,51
6,0,676,51
6,0,701,51
6,0,726,31
6,0,751,31
6,0,776,31
6,0,801,31
6,0,826,31
6,0,851,31
6,0,876,31
6,0,901,51
6,0,926,51
6,0,951,51
6,0,976,51
6,0,1001,51
6,0,1026,51
6,0,1051,51
6,0,1076,31
6,0,1101,31
6,0,1126,31
6,0,1151,31
6,0,1176,31
6,0,1201,31
6,0,1226,31
6,0,1251,51
6,0,1276,51
6,0,1301,51
7,0,26,11
7,0,51,31
7,0,76,31
7,0,101,51
7,0,126,51
7,0,151,51
7,0,176,51
7,0,201,31
7,0,226,31
7,0,251,31
7,0,276,51
7,0,301,51
7,0,326,51
7,0,351,51
7,0,376,51
7,0,401,31
7,0,426,31
7,0,451,31
7,0,476,31
7,0,501,31
7,0,526,31
7,0,551,51
7,0,576,51
7,0,601,51
7,0,626,51
7,0,651,51
7,0,676,51
7,0,701,31
7,0,726,31
7,0,751,31
7,0,776,31
7,0,801,31
7,0,826,31
7,0,851,51
7,0,876,51
7,0,901,51
7,0,926,51
7,0,951,51
7,0,976,51
7,0,1001,31
7,0,1026,31
7,0,1051,31
7,0,1076,31
7,0,1101,31
7,0,1126,31
7,0,1151,51
7,0,1176,51
7,0,1201,51
7,0,1226,51
7,0,1251,51
7,0,1276,51
7,0,1301,51
8,0,26,31
8,0,51,51
8,0,76,51
8,0,101,51
8,0,126,51
8,0,151,31
8,0,176,31
8,0,201,31
8,0,226,31
8,0,251,51
8,0,276,51
8,0,301,51
8,0,326,31
8,0,351,31
8,0,376,31
8,0,401,31
8,0,426,31
8,0,451,51
8,0,476,51
8,0,501,51
8,0,526,51
8,0,551,51
8,0,576,31
8,0,601,31
8,0,626,31
8,0,651,31
8,0,676,51
8,0,701,51
8,0,726,51
8,0,751,51
8,0,776,51
8,0,801,31
8,0,826,31
8,0,851,31
8,0,876,31
8,0,901,51
8,0,926,51
8,0,951,51
8,0,976,51
8,0,1001,51
8,0,1026,51
8,0,1051,31
8,0,1076,31
8,0,1101,31
8,0,1126,31
8,0,1151,31
8,0,1176,51
8,0,1201,51
8,0,1226,51
8,0,1251,51
8,0,1276,51
8,0,1301,51
9,0,26,31
9,0,51,31
9,0,76,51
9,0,101,51
9,0,126,51
9,0,151,51
9,0,176,31
9,0,201,31
9,0,226,31
9,0,251,31
9,0,276,31
9,0,301,31
9,0,326,31
9,0,351,51
9,0,376,51
9,0,401,51
9,0,426,51
9,0,451,51
9,0,476,51
9,0,501,31
9,0,526,31
9,0,551,31
9,0,576,31
9,0,601,31
9,0,626,31
9,0,651,51
9,0,676,51
9,0,701,51
9,0,726,51
9,0,751,51
9,0,776,31
9,0,801,31
9,0,826,31
9,0,851,31
9,0,876,31
9,0,901,31
9,0,926,51
9,0,951,51
9,0,976,51
9,0,1001,51
9,0,1026,51
9,0,1051,31
9,0,1076,31
9,0,1101,31
9,0,1126,31
9,0,1151,51
9,0,1176,51
9,0,1201,51
9,0,1226,51
9,0,1251,51
9,0,1276,51
9,0,1301,51
10,0,26,11
10,0,51,31
10,0,76,31
10,0,101,51
10,0,126,51
10,0,151,51
10,0,176,51
10,0,201,51
10,0,226,31
10,0,251,31
10,0,276,31
10,0,301,31
10,0,326,31
10,0,351,51
10,0,376,51
10,0,401,51
10,0,426,51
10,0,451,51
10,0,476,51
10,0,501,31
10,0,526,31
10,0,551,31
10,0,576,31
10,0,601,31
10,0,626,31
10,0,651,51
10,0,676,51
10,0,701,51
10,0,726,51
10,0,751,51
10,0,776,51
10,0,801,31
10,0,826,31
10,0,851,31
10,0,876,31
10,0,901,51
10,0,926,51
10,0,951,51
10,0,976,51
10,0,1001,51
10,0,1026,31
10,0,1051,31
10,0,1076,31
10,0,1101,31
10,0,1126,31
10,0,1151,51
10,0,1176,51
10,0,1201,51
10,0,1226,51
10,0,1251,51
10,0,1276,31
10,0,1301,31
11,0,26,11
11,0,51,31
11,0,76,51
11,0,101,51
11,0,126,51
11,0,151,31
11,0,176,31
11,0,201,31
11,0,226,51
11,0,251,51
11,0,276,51
11,0,301,51
11,0,326,51
11,0,351,31
11,0,376,31
11,0,401,31
11,0,426,31
11,0,451,31
11,0,476,31
11,0,501,31
11,0,526,51
11,0,551,51
11,0,576,51
11,0,601,51
11,0,626,51
11,0,651,51
11,0,676,31
11,0,701,31
11,0,726,31
11,0,751,31
11,0,776,31
11,0,801,51
11,0,826,51
11,0,851,51
11,0,876,51
11,0,901,51
11,0,926,31
11,0,951,31
11,0,976,31
11,0,1001,31
11,0,1026,31
11,0,1051,51
11,0,1076,51
11,0,1101,51
11,0,1126,51
11,0,1151,51
11,0,1176,51
11,0,1201,31
11,0,1226,31
11,0,1251,31
11,0,1276,31
11,0,1301,31
12,0,26,11
12,0,51,31
12,0,76,51
12,0,101,51
12,0,126,51
12,0,151,51
12,0,176,31
12,0,201,31
12,0,226,31
12,0,251,31
12,0,276,31
12,0,301,51
12,0,326,51
12,0,351,51
12,0,376,51
12,0,401,51
12,0,426,31
12,0,451,31
12,0,476,31
12,0,501,31
12,0,526,31
12,0,551,51
12,0,576,51
12,0,601,51
12,0,626,51
12,0,651,51
12,0,676,31
12,0,701,31
12,0,726,31
12,0,751,31
12,0,776,31
12,0,801,51
12,0,826,51
12,0,851,51
12,0,876,51
12,0,901,51
12,0,926,51
12,0,951,31
12,0,976,31
12,0,1001,31
12,0,1026,31
12,0,1051,31
12,0,1076,31
12,0,1101,51
12,0,1126,51
12,0,1151,51
12,0,1176,51
12,0,1201,51
12,0,1226,51
12,0,1251,51
12,0,1276,31
12,0,1301,31
13,0,26,31
13,0,51,51
13,0,76,51
13,0,101,51
13,0,126,51
13,0,151,31
13,0,176,31
13,0,201,31
13,0,226,31
13,0,251,31
13,0,276,51
13,0,301,51
13,0,326,51
13,0,351,51
13,0,376,51
13,0,401,31
13,0,426,31
13,0,451,31
13,0,476,31
13,0,501,31
13,0,526,31
13,0,551,51
13,0,576,51
13,0,601,51
13,0,626,51
13,0,651,51
13,0,676,51
13,0,701,31
13,0,726,31
13,0,751,31
13,0,776,31
13,0,801,31
13,0,826,31
13,0,851,51
13,0,876,51
13,0,901,51
13,0,926,51
13,0,951,51
13,0,976,51
13,0,1001,31
13,0,1026,31
13,0,1051,31
13,0,1076,31
13,0,1101,31
13,0,1126,31
13,0,1151,51
13,0,1176,51
13,0,1201,51
13,0,1226,51
13,0,1251,51
13,0,1276,51
13,0,1301,31
14,0,26,31
14,0,51,31
14,0,76,51
14,0,101,51
14,0,126,51
14,0,151,51
14,0,176,51
14,0,201,31
14,0,226,31
14,0,251,31
14,0,276,31
14,0,301,31
14,0,326,51
14,0,351,51
14,0,376,51
14,0,401,51
14,0,426,31
14,0,451,51
14,0,476,31
14,0,501,31
14,0,526,31
14,0,551,31
14,0,576,31
14,0,601,51
14,0,626,51
14,0,651,51
14,0,676,51
14,0,701,51
14,0,726,51
14,0,751,31
14,0,776,31
14,0,801,31
14,0,826,31
14,0,851,31
14,0,876,31
14,0,901,51
14,0,926,51
14,0,951,51
14,0,976,51
14,0,1001,51
14,0,1026,51
14,0,1051,31
14,0,1076,31
14,0,1101,31
14,0,1126,31
14,0,1151,31
14,0,1176,31
14,0,1201,51
14,0,1226,51
14,0,1251,51
14,0,1276,51
14,0,1301,51
15,0,26,11
15,0,51,31
15,0,76,51
15,0,101,51
15,0,126,51
15,0,151,51
15,0,176,31
15,0,201,31
15,0,226,31
15,0,251,31
15,0,276,51
15,0,301,51
15,0,326,51
15,0,351,51
15,0,376,31
15,0,401,31
15,0,426,31
15,0,451,31
15,0,476,31
15,0,501,51
15,0,526,51
15,0,551,51
15,0,576,51
15,0,601,51
15,0,626,31
15,0,651,31
15,0,676,31
15,0,701,31
15,0,726,31
15,0,751,31
15,0,776,51
15,0,801,51
15,0,826,51
15,0,851,51
15,0,876,51
15,0,901,31
15,0,926,31
15,0,951,31
15,0,976,31
15,0,1001,31
15,0,1026,31
15,0,1051,51
15,0,1076,51
15,0,1101,51
15,0,1126,51
15,0,1151,51
15,0,1176,31
15,0,1201,31
15,0,1226,31
15,0,1251,31
15,0,1276,31
15,0,1301,51
16,0,26,11
16,0,51,31
16,0,76,31
16,0,101,51
16,0,126,51
16,0,151,51
16,0,176,51
16,0,201,31
16,0,226,31
16,0,251,31
16,0,276,31
16,0,301,51
16,0,326,51
16,0,351,51
16,0,376,51
16,0,401,31
16,0,426,31
16,0,451,31
16,0,476,51
16,0,501,51
16,0,526,51
16,0,551,31
16,0,576,31
16,0,601,31
16,0,626,31
16,0,651,31
16,0,676,51
16,0,701,51
16,0,726,51
16,0,751,51
16,0,776,31
16,0,801,31
16,0,826,31
16,0,851,31
16,0,876,51
16,0,901,51
16,0,926,51
16,0,951,51
16,0,976,51
16,0,1001,31
16,0,1026,31
16,0,1051,31
16,0,1076,31
16,0,1101,31
16,0,1126,51
16,0,1151,51
16,0,1176,51
16,0,1201,51
16,0,1226,51
16,0,1251,31
16,0,1276,31
16,0,1301,31
17,0,26,11
17,0,51,31
17,0,76,51
17,0,101,51
17,0,126,51
17,0,151,51
17,0,176,31
17,0,201,31
17,0,226,31
17,0,251,31
17,0,276,51
17,0,301,51
17,0,326,51
17,0,351,51
17,0,376,31
17,0,401,31
17,0,426,31
17,0,451,31
17,0,476,51
17,0,501,51
17,0,526,51
17,0,551,51
17,0,576,51
17,0,601,31
17,0,626,31
17,0,651,31
17,0,676,31
17,0,701,31
17,0,726,51
17,0,751,51
17,0,776,51
17,0,801,51
17,0,826,51
17,0,851,51
17,0,876,31
17,0,901,31
17,0,926,31
17,0,951,31
17,0,976,31
17,0,1001,51
17,0,1026,51
17,0,1051,51
17,0,1076,51
17,0,1101,51
17,0,1126,51
17,0,1151,31
17,0,1176,31
17,0,1201,31
17,0,1226,31
17,0,1251,31
17,0,1276,51
17,0,1301,51
18,0,26,31
18,0,51,51
18,0,76,51
18,0,101,51
18,0,126,51
18,0,151,31
18,0,176,31
18,0,201,31
18,0,226,31
18,0,251,51
18,0,276,51
18,0,301,51
18,0,326,51
18,0,351,51
18,0,376,31
18,0,401,31
18,0,426,31
18,0,451,31
18,0,476,31
18,0,501,31
18,0,526,51
18,0,551,51
18,0,576,51
18,0,601,51
18,0,626,31
18,0,651,31
18,0,676,31
18,0,701,31
18,0,726,31
18,0,751,51
18,0,776,51
18,0,801,51
18,0,826,51
18,0,851,51
18,0,876,51
18,0,901,31
18,0,926,31
18,0,951,31
18,0,976,31
18,0,1001,31
18,0,1026,51
18,0,1051,51
18,0,1076,51
18,0,1101,51
18,0,1126,51
18,0,1151,31
18,0,1176,31
18,0,1201,31
18,0,1226,31
18,0,1251,31
18,0,1276,51
18,0,1301,51
19,0,26,31
19,0,51,31
19,0,76,51
19,0,101,51
19,0,126,51
19,0,151,51
19,0,176,51
19,0,201,31
19,0,226,31
19,0,251,31
19,0,276,31
19,0,301,31
19,0,326,31
19,0,351,51
19,0,376,51
19,0,401,51
19,0,426,51
19,0,451,51
19,0,476,51
19,0,501,51
19,0,526,31
19,0,551,31
19,0,576,31
19,0,601,31
19,0,626,31
19,0,651,51
19,0,676,51
19,0,701,51
19,0,726,51
19,0,751,51
19,0,776,51
19,0,801,31
19,0,826,31
19,0,851,31
19,0,876,31
19,0,901,31
19,0,926,51
19,0,951,51
19,0,976,51
19,0,1001,51
19,0,1026,51
19,0,1051,31
19,0,1076,31
19,0,1101,31
19,0,1126,31
19,0,1151,31
19,0,1176,51
19,0,1201,51
19,0,1226,51
19,0,1251,51
19,0,1276,51
19,0,1301,51
20,0,26,11
20,0,51,31
20,0,76,31
20,0,101,51
20,0,126,51
20,0,151,51
20,0,176,51
20,0,201,31
20,0,226,31
20,0,251,31
20,0,276,31
20,0,301,31
20,0,326,51
20,0,351,51
20,0,376,51
20,0,401,51
20,0,426,31
20,0,451,31
20,0,476,31
20,0,501,31
20,0,526,51
20,0,551,51
20,0,576,51
20,0,601,51
20,0,626,51
20,0,651,31
20,0,676,31
20,0,701,31
20,0,726,31
20,0,751,31
20,0,776,51
20,0,801,51
20,0,826,51
20,0,851,51
20,0,876,51
20,0,901,31
20,0,926,31
20,0,951,31
20,0,976,31
20,0,1001,51
20,0,1026,51
20,0,1051,51
20,0,1076,51
20,0,1101,51
20,0,1126,31
20,0,1151,31
20,0,1176,31
20,0,1201,31
20,0,1226,51
20,0,1251,51
20,0,1276,51
20,0,1301,51
21,0,26,11
21,0,51,31
21,0,76,51
21,0,101,51
21,0,126,51
21,0,151,31
21,0,176,31
21,0,201,31
21,0,226,51
21,0,251,51
21,0,276,51
21,0,301,51
21,0,326,31
21,0,351,31
21,0,376,31
21,0,401,31
21,0,426,31
21,0,451,51
21,0,476,51
21,0,501,51
21,0,526,51
21,0,551,51
21,0,576,31
21,0,601,31
21,0,626,31
21,0,651,31
21,0,676,31
21,0,701,51
21,0,726,51
21,0,751,51
21,0,776,51
21,0,801,51
21,0,826,51
21,0,851,31
21,0,876,31
21,0,901,31
21,0,926,31
21,0,951,31
21,0,976,31
21,0,1001,51
21,0,1026,51
21,0,1051,51
21,0,1076,51
21,0,1101,51
21,0,1126,51
21,0,1151,31
21,0,1176,31
21,0,1201,31
21,0,1226,31
21,0,1251,31
21,0,1276,51
21,0,1301,51
22,0,26,11
22,0,51,31
22,0,76,31
22,0,101,51
22,0,126,51
22,0,151,51
22,0,176,51
22,0,201,31
22,0,226,31
22,0,251,31
22,0,276,31
22,0,301,51
22,0,326,51
22,0,351,51
22,0,376,51
22,0,401,51
22,0,426,31
22,0,451,31
22,0,476,31
22,0,501,31
22,0,526,31
22,0,551,31
22,0,576,51
22,0,601,51
22,0,626,51
22,0,651,51
22,0,676,51
22,0,701,51
22,0,726,31
22,0,751,31
22,0,776,31
22,0,801,31
22,0,826,31
22,0,851,31
22,0,876,51
22,0,901,51
22,0,926,51
22,0,951,51
22,0,976,31
22,0,1001,31
22,0,1026,31
22,0,1051,31
22,0,1076,51
22,0,1101,51
22,0,1126,51
22,0,1151,51
22,0,1176,51
22,0,1201,31
22,0,1226,31
22,0,1251,31
22,0,1276,31
22,0,1301,51
23,0,26,31
23,0,51,51
23,0,76,51
23,0,101,51
23,0,126,51
23,0,151,51
23,0,176,31
23,0,201,31
23,0,226,31
23,0,251,31
23,0,276,31
23,0,301,51
23,0,326,51
23,0,351,51
23,0,376,51
23,0,401,51
23,0,426,51
23,0,451,31
23,0,476,31
23,0,501,31
23,0,526,31
23,0,551,31
23,0,576,31
23,0,601,51
23,0,626,51
23,0,651,51
23,0,676,51
23,0,701,51
23,0,726,51
23,0,751,51
23,0,776,31
23,0,801,31
23,0,826,31
23,0,851,31
23,0,876,31
23,0,901,31
23,0,926,51
23,0,951,51
23,0,976,51
23,0,1001,51
23,0,1026,51
23,0,1051,51
23,0,1076,31
23,0,1101,31
23,0,1126,31
23,0,1151,31
23,0,1176,31
23,0,1201,51
23,0,1226,51
23,0,1251,51
23,0,1276,51
23,0,1301,31
24,0,26,31
24,0,51,51
24,0,76,51
24,0,101,51
24,0,126,51
24,0,151,51
24,0,176,31
24,0,201,31
24,0,226,31
24,0,251,31
24,0,276,31
24,0,301,51
24,0,326,51
24,0,351,51
24,0,376,51
24,0,401,51
24,0,426,51
24,0,451,31
24,0,476,31
24,0,501,31
24,0,526,31
24,0,551,31
24,0,576,31
24,0,601,51
24,0,626,51
24,0,651,51
24,0,676,51
24,0,701,51
24,0,726,51
24,0,751,31
24,0,776,31
24,0,801,31
24,0,826,31
24,0,851,31
24,0,876,31
24,0,901,51
24,0,926,51
24,0,951,51
24,0,976,51
24,0,1001,51
24,0,1026,51
24,0,1051,31
24,0,1076,31
24,0,1101,31
24,0,1126,31
24,0,1151,31
24,0,1176,51
24,0,1201,51
24,0,1226,51
24,0,1251,51
24,0,1276,51
24,0,1301,31
25,0,26,11
25,0,51,31
25,0,76,51
25,0,101,51
25,0,126,51
25,0,151,51
25,0,176,31
25,0,201,31
25,0,226,31
25,0,251,31
25,0,276,31
25,0,301,51
25,0,326,51
25,0,351,51
25,0,376,51
25,0,401,51
25,0,426,51
25,0,451,31
25,0,476,31
25,0,501,31
25,0,526,31
25,0,551,31
25,0,576,51
25,0,601,51
25,0,626,51
25,0,651,51
25,0,676,51
25,0,701,31
25,0,726,31
25,0,751,31
25,0,776,31
25,0,801,51
25,0,826,51
25,0,851,51
25,0,876,51
25,0,901,51
25,0,926,31
25,0,951,31
25,0,976,31
25,0,1001,31
25,0,1026,31
25,0,1051,31
25,0,1076,51
25,0,1101,51
25,0,1126,51
25,0,1151,51
25,0,1176,51
25,0,1201,51
25,0,1226,31
25,0,1251,31
25,0,1276,31
25,0,1301,31
26,0,26,11
26,0,51,31
26,0,76,51
26,0,101,51
26,0,126,51
26,0,151,31
26,0,176,31
26,0,201,31
26,0,226,51
26,0,251,51
26,0,276,51
26,0,301,51
26,0,326,51
26,0,351,31
26,0,376,31
26,0,401,31
26,0,426,31
26,0,451,31
26,0,476,31
26,0,501,51
26,0,526,51
26,0,551,51
26,0,576,51
26,0,601,51
26,0,626,31
26,0,651,31
26,0,676,31
26,0,701,31
26,0,726,51
26,0,751,51
26,0,776,51
26,0,801,31
26,0,826,31
26,0,851,31
26,0,876,51
26,0,901,51
26,0,926,51
26,0,951,51
26,0,976,31
26,0,1001,31
26,0,1026,31
26,0,1051,31
26,0,1076,51
26,0,1101,51
26,0,1126,51
26,0,1151,51
26,0,1176,31
26,0,1201,31
26,0,1226,31
26,0,1251,31
26,0,1276,51
26,0,1301,51
27,0,26,11
27,0,51,31
27,0,76,31
27,0,101,51
27,0,126,51
27,0,151,51
27,0,176,51
27,0,201,31
27,0,226,31
27,0,251,31
27,0,276,31
27,0,301,51
27,0,326,51
27,0,351,51
27,0,376,51
27,0,401,51
27,0,426,31
27,0,451,31
27,0,476,31
27,0,501,31
27,0,526,31
27,0,551,31
27,0,576,51
27,0,601,51
27,0,626,51
27,0,651,51
27,0,676,51
27,0,701,31
27,0,726,31
27,0,751,31
27,0,776,31
27,0,801,31
27,0,826,31
27,0,851,51
27,0,876,51
27,0,901,51
27,0,926,51
27,0,951,51
27,0,976,51
27,0,1001,31
27,0,1026,31
27,0,1051,31
27,0,1076,31
27,0,1101,31
27,0,1126,51
27,0,1151,51
27,0,1176,51
27,0,1201,51
27,0,1226,51
27,0,1251,31
27,0,1276,31
27,0,1301,31
28,0,26,31
28,0,51,51
28,0,76,51
28,0,101,51
28,0,126,51
28,0,151,31
28,0,176,31
28,0,201,31
28,0,226,31
28,0,251,31
28,0,276,51
28,0,301,51
28,0,326,51
28,0,351,51
28,0,376,51
28,0,401,31
28,0,426,31
28,0,451,31
28,0,476,31
28,0,501,31
28,0,526,31
28,0,551,51
28,0,576,51
28,0,601,51
28,0,626,51
28,0,651,51
28,0,676,51
28,0,701,51
28,0,726,31
28,0,751,31
28,0,776,31
28,0,801,31
28,0,826,31
28,0,851,31
28,0,876,51
28,0,901,51
28,0,926,51
28,0,951,51
28,0,976,51
28,0,1001,31
28,0,1026,31
28,0,1051,31
28,0,1076,31
28,0,1101,31
28,0,1126,31
28,0,1151,51
28,0,1176,51
28,0,1201,51
28,0,1226,51
28,0,1251,51
28,0,1276,31
28,0,1301,31
29,0,26,31
29,0,51,51
29,0,76,51
29,0,101,51
29,0,126,51
29,0,151,31
29,0,176,31
29,0,201,31
29,0,226,31
29,0,251,51
29,0,276,51
29,0,301,51
29,0,326,51
29,0,351,51
29,0,376,31
29,0,401,31
29,0,426,31
29,0,451,31
29,0,476,31
29,0,501,51
29,0,526,51
29,0,551,51
29,0,576,51
29,0,601,51
29,0,626,51
29,0,651,31
29,0,676,31
29,0,701,31
29,0,726,31
29,0,751,31
29,0,776,31
29,0,801,51
29,0,826,51
29,0,851,51
29,0,876,51
29,0,901,51
29,0,926,51
29,0,951,31
29,0,976,31
29,0,1001,31
29,0,1026,31
29,0,1051,31
29,0,1076,31
29,0,1101,51
29,0,1126,51
29,0,1151,51
29,0,1176,51
29,0,1201,51
29,0,1226,31
29,0,1251,31
29,0,1276,31
29,0,1301,31
30,0,26,11
30,0,51,31
30,0,76,51
30,0,101,51
30,0,126,51
30,0,151,31
30,0,176,31
30,0,201,31
30,0,226,31
30,0,251,51
30,0,276,51
30,0,301,51
30,0,326,51
30,0,351,51
30,0,376,51
30,0,401,31
30,0,426,31
30,0,451,31
30,0,476,31
30,0,501,31
30,0,526,31
30,0,551,51
30,0,576,51
30,0,601,51
30,0,626,51
30,0,651,51
30,0,676,51
30,0,701,31
30,0,726,31
30,0,751,31
30,0,776,31
30,0,801,31
30,0,826,51
30,0,851,51
30,0,876,51
30,0,901,51
30,0,926,51
30,0,951,31
30,0,976,31
30,0,1001,31
30,0,1026,31
30,0,1051,31
30,0,1076,51
30,0,1101,51
30,0,1126,51
30,0,1151,51
30,0,1176,51
30,0,1201,31
30,0,1226,31
30,0,1251,31
30,0,1276,31
30,0,1301,31
31,0,26,11
31,0,51,31
31,0,76,51
31,0,101,51
31,0,126,51
31,0,151,31
31,0,176,31
31,0,201,31
31,0,226,31
31,0,251,51
31,0,276,51
31,0,301,51
31,0,326,51
31,0,351,51
31,0,376,31
31,0,401,31
31,0,426,31
31,0,451,31
31,0,476,31
31,0,501,31
31,0,526,51
31,0,551,51
31,0,576,51
31,0,601,51
31,0,626,51
31,0,651,51
31,0,676,31
31,0,701,31
31,0,726,31
31,0,751,31
31,0,776,31
31,0,801,31
31,0,826,51
31,0,851,51
31,0,876,51
31,0,901,51
31,0,926,51
31,0,951,51
31,0,976,31
31,0,1001,31
31,0,1026,31
31,0,1051,31
31,0,1076,31
31,0,1101,31
31,0,1126,51
31,0,1151,51
31,0,1176,51
31,0,1201,51
31,0,1226,51
31,0,1251,31
31,0,1276,31
31,0,1301,31
32,0,26,11
32,0,51,31
32,0,76,51
32,0,101,51
32,0,126,51
32,0,151,51
32,0,176,31
32,0,201,31
32,0,226,31
32,0,251,31
32,0,276,31
32,0,301,51
32,0,326,51
32,0,351,51
32,0,376,51
32,0,401,51
32,0,426,51
32,0,451,31
32,0,476,31
32,0,501,31
32,0,526,31
32,0,551,31
32,0,576,31
32,0,601,51
32,0,626,51
32,0,651,51
32,0,676,51
32,0,701,51
32,0,726,51
32,0,751,31
32,0,776,31
32,0,801,31
32,0,826,31
32,0,851,31
32,0,876,31
32,0,901,51
32,0,926,51
32,0,951,51
32,0,976,51
32,0,1001,51
32,0,1026,51
32,0,1051,31
32,0,1076,31
32,0,1101,31
32,0,1126,31
32,0,1151,31
32,0,1176,31
32,0,1201,51
32,0,1226,51
32,0,1251,51
32,0,1276,51
32,0,1301,51
33,0,26,31
33,0,51,51
33,0,76,51
33,0,101,51
33,0,126,51
33,0,151,31
33,0,176,31
33,0,201,31
33,0,226,31
33,0,251,51
33,0,276,51
33,0,301,51
33,0,326,51
33,0,351,51
33,0,376,31
33,0,401,31
33,0,426,31
33,0,451,31
33,0,476,31
33,0,501,31
33,0,526,51
33,0,551,51
33,0,576,51
33,0,601,51
33,0,626,51
33,0,651,51
33,0,676,31
33,0,701,31
33,0,726,31
33,0,751,31
33,0,776,31
33,0,801,31
33,0,826,51
33,0,851,51
33,0,876,51
33,0,901,51
33,0,926,11
33,0,951,31
33,0,976,31
33,0,1001,31
33,0,1026,31
33,0,1051,31
33,0,1076,51
33,0,1101,51
33,0,1126,51
33,0,1151,51
33,0,1176,51
33,0,1201,51
33,0,1226,31
33,0,1251,31
33,0,1276,31
33,0,1301,31
34,0,26,31
34,0,51,51
34,0,76,51
34,0,101,51
34,0,126,51
34,0,151,31
34,0,176,31
34,0,201,31
34,0,226,31
34,0,251,51
34,0,276,51
34,0,301,51
34,0,326,51
34,0,351,51
34,0,376,31
34,0,401,31
34,0,426,31
34,0,451,31
34,0,476,31
34,0,501,51
34,0,526,51
34,0,551,51
34,0,576,51
34,0,601,51
34,0,626,31
34,0,651,31
34,0,676,31
34,0,701,31
34,0,726,31
34,0,751,31
34,0,776,51
34,0,801,51
34,0,826,51
34,0,851,51
34,0,876,51
34,0,901,51
34,0,926,31
34,0,951,31
34,0,976,31
34,0,1001,31
34,0,1026,31
34,0,1051,31
34,0,1076,51
34,0,1101,51
34,0,1126,51
34,0,1151,51
34,0,1176,51
34,0,1201,51
34,0,1226,31
34,0,1251,31
34,0,1276,31
34,0,1301,31
35,0,26,11
35,0,51,31
35,0,76,51
35,0,101,51
35,0,126,51
35,0,151,51
35,0,176,31
35,0,201,31
35,0,226,31
35,0,251,31
35,0,276,31
35,0,301,51
35,0,326,51
35,0,351,51
35,0,376,11
35,0,401,11
35,0,426,51
35,0,451,31
35,0,476,31
35,0,501,31
35,0,526,31
35,0,551,31
35,0,576,51
35,0,601,51
35,0,626,51
35,0,651,51
35,0,676,51
35,0,701,51
35,0,726,11
35,0,751,11
35,0,776,31
35,0,801,31
35,0,826,31
35,0,851,31
35,0,876,31
35,0,901,31
35,0,926,51
35,0,951,51
35,0,976,51
35,0,1001,11
35,0,1026,11
35,0,1051,51
35,0,1076,51
35,0,1101,31
35,0,1126,31
35,0,1151,31
35,0,1176,31
35,0,1201,31
35,0,1226,51
35,0,1251,51
35,0,1276,11
35,0,1301,11
36,0,26,11
36,0,51,31
36,0,76,31
36,0,101,51
36,0,126,51
36,0,151,51
36,0,176,51
36,0,201,51
36,0,226,31
36,0,251,31
36,0,276,31
36,0,301,31
36,0,326,31
36,0,351,31
36,0,376,11
36,0,401,51
36,0,426,51
36,0,451,51
36,0,476,51
36,0,501,51
36,0,526,51
36,0,551,31
36,0,576,31
36,0,601,11
36,0,626,31
36,0,651,31
36,0,676,31
36,0,701,31
36,0,726,51
36,0,751,51
36,0,776,51
36,0,801,11
36,0,826,11
36,0,851,51
36,0,876,51
36,0,901,31
36,0,926,31
36,0,951,31
36,0,976,31
36,0,1001,31
36,0,1026,51
36,0,1051,51
36,0,1076,51
36,0,1101,51
36,0,1126,51
36,0,1151,51
36,0,1176,31
36,0,1201,31
36,0,1226,31
36,0,1251,31
36,0,1276,31
36,0,1301,11
37,0,26,11
37,0,51,31
37,0,76,51
37,0,101,51
37,0,126,51
37,0,151,51
37,0,176,31
37,0,201,31
37,0,226,31
37,0,251,31
37,0,276,31
37,0,301,51
37,0,326,11
37,0,351,51
37,0,376,51
37,0,401,51
37,0,426,51
37,0,451,51
37,0,476,31
37,0,501,31
37,0,526,31
37,0,551,31
37,0,576,31
37,0,601,11
37,0,626,11
37,0,651,51
37,0,676,51
37,0,701,51
37,0,726,51
37,0,751,31
37,0,776,31
37,0,801,31
37,0,826,31
37,0,851,11
37,0,876,11
37,0,901,51
37,0,926,51
37,0,951,51
37,0,976,51
37,0,1001,31
37,0,1026,31
37,0,1051,31
37,0,1076,31
37,0,1101,11
37,0,1126,11
37,0,1151,51
37,0,1176,51
37,0,1201,51
37,0,1226,51
37,0,1251,51
37,0,1276,31
37,0,1301,31
38,0,26,31
38,0,51,51
38,0,76,51
38,0,101,51
38,0,126,51
38,0,151,31
38,0,176,31
38,0,201,31
38,0,226,31
38,0,251,31
38,0,276,51
38,0,301,51
38,0,326,51
38,0,351,51
38,0,376,51
38,0,401,51
38,0,426,11
38,0,451,11
38,0,476,31
38,0,501,31
38,0,526,31
38,0,551,31
38,0,576,31
38,0,601,31
38,0,626,51
38,0,651,51
38,0,676,51
38,0,701,11
38,0,726,11
38,0,751,51
38,0,776,51
38,0,801,51
38,0,826,31
38,0,851,31
38,0,876,31
38,0,901,31
38,0,926,31
38,0,951,11
38,0,976,11
38,0,1001,51
38,0,1026,51
38,0,1051,51
38,0,1076,51
38,0,1101,31
38,0,1126,31
38,0,1151,31
38,0,1176,11
38,0,1201,51
38,0,1226,51
38,0,1251,51
38,0,1276,31
38,0,1301,31
39,0,26,31
39,0,51,51
39,0,76,51
39,0,101,51
39,0,126,51
39,0,151,51
39,0,176,31
39,0,201,31
39,0,226,31
39,0,251,31
39,0,276,31
39,0,301,51
39,0,326,51
39,0,351,51
39,0,376,11
39,0,401,11
39,0,426,31
39,0,451,31
39,0,476,31
39,0,501,51
39,0,526,51
39,0,551,51
39,0,576,51
39,0,601,51
39,0,626,11
39,0,651,31
39,0,676,31
39,0,701,31
39,0,726,31
39,0,751,31
39,0,776,11
39,0,801,51
39,0,826,51
39,0,851,51
39,0,876,51
39,0,901,51
39,0,926,11
39,0,951,31
39,0,976,31
39,0,1001,31
39,0,1026,31
39,0,1051,31
39,0,1076,31
39,0,1101,11
39,0,1126,51
39,0,1151,51
39,0,1176,51
39,0,1201,51
39,0,1226,51
39,0,1251,51
39,0,1276,51
39,0,1301,31
40,0,26,11
40,0,51,31
40,0,76,51
40,0,101,51
40,0,126,51
40,0,151,51
40,0,176,31
40,0,201,31
40,0,226,31
40,0,251,11
40,0,276,11
40,0,301,51
40,0,326,51
40,0,351,51
40,0,376,31
40,0,401,31
40,0,426,31
40,0,451,11
40,0,476,11
40,0,501,11
40,0,526,51
40,0,551,51
40,0,576,51
40,0,601,31
40,0,626,31
40,0,651,31
40,0,676,11
40,0,701,11
40,0,726,51
40,0,751,51
40,0,776,51
40,0,801,51
40,0,826,31
40,0,851,31
40,0,876,11
40,0,901,11
40,0,926,31
40,0,951,31
40,0,976,31
40,0,1001,51
40,0,1026,51
40,0,1051,51
40,0,1076,51
40,0,1101,11
40,0,1126,11
40,0,1151,31
40,0,1176,31
40,0,1201,31
40,0,1226,31
40,0,1251,31
40,0,1276,51
40,0,1301,11
41,0,26,11
41,0,51,31
41,0,76,51
41,0,101,51
41,0,126,51
41,0,151,51
41,0,176,31
41,0,201,31
41,0,226,31
41,0,251,11
41,0,276,11
41,0,301,51
41,0,326,51
41,0,351,51
41,0,376,31
41,0,401,31
41,0,426,31
41,0,451,11
41,0,476,11
41,0,501,11
41,0,526,51
41,0,551,51
41,0,576,51
41,0,601,31
41,0,626,31
41,0,651,31
41,0,676,31
41,0,701,11
41,0,726,11
41,0,751,51
41,0,776,51
41,0,801,51
41,0,826,51
41,0,851,51
41,0,876,31
41,0,901,31
41,0,926,11
41,0,951,11
41,0,976,31
41,0,1001,31
41,0,1026,31
41,0,1051,31
41,0,1076,51
41,0,1101,51
41,0,1126,11
41,0,1151,11
41,0,1176,11
41,0,1201,51
41,0,1226,51
41,0,1251,51
41,0,1276,31
41,0,1301,31
42,0,26,11
42,0,51,31
42,0,76,51
42,0,101,51
42,0,126,51
42,0,151,51
42,0,176,31
42,0,201,31
42,0,226,11
42,0,251,11
42,0,276,31
42,0,301,31
42,0,326,51
42,0,351,51
42,0,376,51
42,0,401,51
42,0,426,11
42,0,451,11
42,0,476,31
42,0,501,31
42,0,526,31
42,0,551,31
42,0,576,31
42,0,601,51
42,0,626,51
42,0,651,11
42,0,676,11
42,0,701,51
42,0,726,51
42,0,751,51
42,0,776,51
42,0,801,31
42,0,826,31
42,0,851,11
42,0,876,11
42,0,901,31
42,0,926,31
42,0,951,31
42,0,976,51
42,0,1001,51
42,0,1026,51
42,0,1051,51
42,0,1076,11
42,0,1101,11
42,0,1126,31
42,0,1151,31
42,0,1176,31
42,0,1201,31
42,0,1226,31
42,0,1251,51
42,0,1276,51
42,0,1301,51
43,0,26,31
43,0,51,51
43,0,76,51
43,0,101,51
43,0,126,51
43,0,151,11
43,0,176,31
43,0,201,31
43,0,226,31
43,0,251,31
43,0,276,11
43,0,301,11
43,0,326,51
43,0,351,51
43,0,376,51
43,0,401,51
43,0,426,51
43,0,451,31
43,0,476,31
43,0,501,31
43,0,526,11
43,0,551,11
43,0,576,31
43,0,601,31
43,0,626,51
43,0,651,51
43,0,676,51
43,0,701,51
43,0,726,11
43,0,751,11
43,0,776,31
43,0,801,31
43,0,826,31
43,0,851,31
43,0,876,31
43,0,901,51
43,0,926,11
43,0,951,11
43,0,976,51
43,0,1001,51
43,0,1026,51
43,0,1051,51
43,0,1076,51
43,0,1101,31
43,0,1126,11
43,0,1151,31
43,0,1176,31
43,0,1201,31
43,0,1226,31
43,0,1251,11
43,0,1276,11
43,0,1301,51
44,0,26,31
44,0,51,51
44,0,76,51
44,0,101,51
44,0,126,11
44,0,151,51
44,0,176,31
44,0,201,31
44,0,226,31
44,0,251,31
44,0,276,31
44,0,301,11
44,0,326,11
44,0,351,51
44,0,376,51
44,0,401,51
44,0,426,51
44,0,451,51
44,0,476,51
44,0,501,31
44,0,526,31
44,0,551,31
44,0,576,11
44,0,601,11
44,0,626,11
44,0,651,31
44,0,676,31
44,0,701,51
44,0,726,51
44,0,751,51
44,0,776,51
44,0,801,11
44,0,826,11
44,0,851,31
44,0,876,31
44,0,901,31
44,0,926,31
44,0,951,51
44,0,976,51
44,0,1001,51
44,0,1026,11
44,0,1051,11
44,0,1076,31
44,0,1101,31
44,0,1126,51
44,0,1151,51
44,0,1176,51
44,0,1201,51
44,0,1226,11
44,0,1251,11
44,0,1276,31
44,0,1301,31
45,0,26,11
45,0,51,31
45,0,76,51
45,0,101,51
45,0,126,51
45,0,151,51
45,0,176,11
45,0,201,31
45,0,226,31
45,0,251,31
45,0,276,31
45,0,301,11
45,0,326,11
45,0,351,11
45,0,376,51
45,0,401,51
45,0,426,51
45,0,451,51
45,0,476,51
45,0,501,31
45,0,526,11
45,0,551,11
45,0,576,31
45,0,601,31
45,0,626,31
45,0,651,31
45,0,676,11
45,0,701,11
45,0,726,51
45,0,751,51
45,0,776,51
45,0,801,51
45,0,826,11
45,0,851,11
45,0,876,31
45,0,901,31
45,0,926,31
45,0,951,31
45,0,976,31
45,0,1001,11
45,0,1026,11
45,0,1051,51
45,0,1076,51
45,0,1101,51
45,0,1126,51
45,0,1151,51
45,0,1176,11
45,0,1201,11
45,0,1226,31
45,0,1251,31
45,0,1276,31
45,0,1301,31
46,0,26,11
46,0,51,31
46,0,76,51
46,0,101,51
46,0,126,51
46,0,151,51
46,0,176,11
46,0,201,31
46,0,226,31
46,0,251,31
46,0,276,31
46,0,301,31
46,0,326,11
46,0,351,11
46,0,376,51
46,0,401,51
46,0,426,51
46,0,451,51
46,0,476,51
46,0,501,11
46,0,526,11
46,0,551,31
46,0,576,31
46,0,601,31
46,0,626,31
46,0,651,11
46,0,676,11
46,0,701,51
46,0,726,51
46,0,751,51
46,0,776,51
46,0,801,51
46,0,826,11
46,0,851,11
46,0,876,31
46,0,901,31
46,0,926,31
46,0,951,31
46,0,976,11
46,0,1001,11
46,0,1026,51
46,0,1051,51
46,0,1076,51
46,0,1101,51
46,0,1126,11
46,0,1151,11
46,0,1176,31
46,0,1201,31
46,0,1226,31
46,0,1251,31
46,0,1276,31
46,0,1301,11
47,0,26,11
47,0,51,31
47,0,76,51
47,0,101,51
47,0,126,51
47,0,151,51
47,0,176,11
47,0,201,31
47,0,226,31
47,0,251,31
47,0,276,31
47,0,301,11
47,0,326,11
47,0,351,51
47,0,376,51
47,0,401,51
47,0,426,51
47,0,451,51
47,0,476,11
47,0,501,11
47,0,526,31
47,0,551,31
47,0,576,31
47,0,601,31
47,0,626,31
47,0,651,11
47,0,676,11
47,0,701,51
47,0,726,51
47,0,751,51
47,0,776,51
47,0,801,51
47,0,826,11
47,0,851,11
47,0,876,31
47,0,901,31
47,0,926,31
47,0,951,31
47,0,976,31
47,0,1001,11
47,0,1026,11
47,0,1051,51
47,0,1076,51
47,0,1101,51
47,0,1126,51
47,0,1151,51
47,0,1176,11
47,0,1201,11
47,0,1226,31
47,0,1251,31
47,0,1276,31
47,0,1301,31
48,0,26,31
48,0,51,51
48,0,76,51
48,0,101,51
48,0,126,11
48,0,151,31
48,0,176,31
48,0,201,31
48,0,226,31
48,0,251,11
48,0,276,11
48,0,301,51
48,0,326,51
48,0,351,51
48,0,376,51
48,0,401,51
48,0,426,11
48,0,451,11
48,0,476,31
48,0,501,31
48,0,526,31
48,0,551,31
48,0,576,31
48,0,601,31
48,0,626,11
48,0,651,11
48,0,676,51
48,0,701,51
48,0,726,51
48,0,751,51
48,0,776,51
48,0,801,11
48,0,826,11
48,0,851,31
48,0,876,31
48,0,901,31
48,0,926,31
48,0,951,31
48,0,976,11
48,0,1001,11
48,0,1026,51
48,0,1051,51
48,0,1076,51
48,0,1101,51
48,0,1126,51
48,0,1151,11
48,0,1176,11
48,0,1201,31
48,0,1226,31
48,0,1251,31
48,0,1276,31
48,0,1301,31
49,0,26,31
49,0,51,51
49,0,76,51
49,0,101,51
49,0,126,11
49,0,151,11
49,0,176,31
49,0,201,31
49,0,226,31
49,0,251,31
49,0,276,51
49,0,301,11
49,0,326,11
49,0,351,51
49,0,376,51
49,0,401,51
49,0,426,51
49,0,451,51
49,0,476,31
49,0,501,11
49,0,526,11
49,0,551,31
49,0,576,31
49,0,601,31
49,0,626,31
49,0,651,31
49,0,676,11
49,0,701,11
49,0,726,51
49,0,751,51
49,0,776,51
49,0,801,51
49,0,826,11
49,0,851,11
49,0,876,51
49,0,901,31
49,0,926,31
49,0,951,31
49,0,976,31
49,0,1001,11
49,0,1026,11
49,0,1051,51
49,0,1076,51
49,0,1101,51
49,0,1126,51
49,0,1151,11
49,0,1176,11
49,0,1201,31
49,0,1226,31
49,0,1251,31
49,0,1276,31
49,0,1301,31
50,0,26,11
50,0,51,31
50,0,76,51
50,0,101,51
50,0,126,51
50,0,151,51
50,0,176,11
50,0,201,11
50,0,226,31
50,0,251,31
50,0,276,31
50,0,301,31
50,0,326,11
50,0,351,11
50,0,376,51
50,0,401,51
50,0,426,51
50,0,451,51
50,0,476,11
50,0,501,11
50,0,526,11
50,0,551,31
50,0,576,31
50,0,601,31
50,0,626,31
50,0,651,31
50,0,676,11
50,0,701,11
50,0,726,11
50,0,751,51
50,0,776,51
50,0,801,51
50,0,826,51
50,0,851,51
50,0,876,11
50,0,901,11
50,0,926,11
50,0,951,31
50,0,976,31
50,0,1001,31
50,0,1026,31
50,0,1051,31
50,0,1076,11
50,0,1101,11
50,0,1126,11
50,0,1151,51
50,0,1176,51
50,0,1201,51
50,0,1226,51
50,0,1251,51
50,0,1276,11
50,0,1301,11
51,0,26,11
51,0,51,31
51,0,76,51
51,0,101,51
51,0,126,51
51,0,151,11
51,0,176,11
51,0,201,31
51,0,226,31
51,0,251,31
51,0,276,31
51,0,301,11
51,0,326,11
51,0,351,51
51,0,376,51
51,0,401,51
51,0,426,51
51,0,451,11
51,0,476,11
51,0,501,11
51,0,526,31
51,0,551,31
51,0,576,31
51,0,601,31
51,0,626,31
51,0,651,11
51,0,676,11
51,0,701,11
51,0,726,51
51,0,751,51
51,0,776,51
51,0,801,51
51,0,826,51
51,0,851,11
51,0,876,11
51,0,901,31
51,0,926,31
51,0,951,31
51,0,976,31
51,0,1001,11
51,0,1026,11
51,0,1051,11
51,0,1076,51
51,0,1101,51
51,0,1126,51
51,0,1151,51
51,0,1176,51
51,0,1201,11
51,0,1226,11
51,0,1251,31
51,0,1276,31
51,0,1301,31
52,0,26,11
52,0,51,31
52,0,76,51
52,0,101,51
52,0,126,51
52,0,151,11
52,0,176,11
52,0,201,31
52,0,226,31
52,0,251,31
52,0,276,31
52,0,301,11
52,0,326,11
52,0,351,51
52,0,376,51
52,0,401,51
52,0,426,51
52,0,451,11
52,0,476,11
52,0,501,11
52,0,526,31
52,0,551,31
52,0,576,31
52,0,601,31
52,0,626,31
52,0,651,11
52,0,676,11
52,0,701,51
52,0,726,51
52,0,751,51
52,0,776,51
52,0,801,11
52,0,826,11
52,0,851,11
52,0,876,31
52,0,901,31
52,0,926,31
52,0,951,31
52,0,976,51
52,0,1001,11
52,0,1026,11
52,0,1051,51
52,0,1076,51
52,0,1101,51
52,0,1126,51
52,0,1151,11
52,0,1176,11
52,0,1201,31
52,0,1226,31
52,0,1251,31
52,0,1276,31
52,0,1301,11
53,0,26,31
53,0,51,51
53,0,76,11
53,0,101,51
53,0,126,51
53,0,151,51
53,0,176,31
53,0,201,11
53,0,226,11
53,0,251,31
53,0,276,31
53,0,301,31
53,0,326,31
53,0,351,51
53,0,376,11
53,0,401,11
53,0,426,11
53,0,451,51
53,0,476,51
53,0,501,51
53,0,526,51
53,0,551,51
53,0,576,11
53,0,601,11
53,0,626,31
53,0,651,31
53,0,676,31
53,0,701,31
53,0,726,31
53,0,751,11
53,0,776,11
53,0,801,11
53,0,826,51
53,0,851,51
53,0,876,51
53,0,901,51
53,0,926,11
53,0,951,11
53,0,976,11
53,0,1001,31
53,0,1026,31
53,0,1051,31
53,0,1076,31
53,0,1101,31
53,0,1126,11
53,0,1151,11
53,0,1176,51
53,0,1201,51
53,0,1226,51
53,0,1251,51
53,0,1276,11
53,0,1301,11
54,0,26,31
54,0,51,51
54,0,76,11
54,0,101,51
54,0,126,51
54,0,151,51
54,0,176,11
54,0,201,11
54,0,226,31
54,0,251,31
54,0,276,31
54,0,301,31
54,0,326,31
54,0,351,11
54,0,376,11
54,0,401,51
54,0,426,51
54,0,451,51
54,0,476,51
54,0,501,11
54,0,526,11
54,0,551,11
54,0,576,31
54,0,601,31
54,0,626,31
54,0,651,31
54,0,676,11
54,0,701,11
54,0,726,11
54,0,751,51
54,0,776,51
54,0,801,51
54,0,826,51
54,0,851,51
54,0,876,11
54,0,901,11
54,0,926,31
54,0,951,31
54,0,976,31
54,0,1001,31
54,0,1026,11
54,0,1051,11
54,0,1076,11
54,0,1101,51
54,0,1126,51
54,0,1151,51
54,0,1176,51
54,0,1201,11
54,0,1226,11
54,0,1251,31
54,0,1276,31
54,0,1301,31
