,vp
0,0.6816891833916584
1,0.6816891833916584
2,0.7109954534436544
3,0.7109954534436544
4,0.7109954534436544
5,0.7380580905868094
6,0.7380580905868094
7,0.7380580905868094
8,0.7613706732386654
9,0.7613706732386654
10,0.7613706732386654
11,0.784452731769104
12,0.784452731769104
13,0.784452731769104
14,0.8108023059002183
15,0.8108023059002183
16,0.8108023059002183
17,0.8328838880348721
18,0.8328838880348721
19,0.8328838880348721
20,0.8328838880348721
21,0.8594234301870469
22,0.8594234301870469
23,0.8594234301870469
24,0.8594234301870469
25,0.8758464375364424
26,0.8758464375364424
27,0.8758464375364424
28,0.8758464375364424
29,0.8769555494643966
30,0.8769555494643966
31,0.8769555494643966
32,0.8769555494643966
33,0.8769555494643966
34,0.8746374945614106
35,0.8746374945614106
36,0.8746374945614106
37,0.8746374945614106
38,0.8746374945614106
39,0.8749084899563566
40,0.8749084899563566
41,0.8749084899563566
42,0.8749084899563566
43,0.8749084899563566
44,0.8751391991702232
45,0.8751391991702232
46,0.8751391991702232
47,0.8751391991702232
48,0.8751391991702232
49,0.8773122930957037
50,0.8773122930957037
51,0.8773122930957037
52,0.8745200543642422
53,0.8745200543642422
54,0.8777198497571809
55,0.8777198497571809
56,0.8764392342537387
57,0.8764392342537387
58,0.8779271579671576
59,0.8779271579671576
60,0.8765629560180078
61,0.8765629560180078
62,0.8773286560181516
63,0.8753570653792316
64,0.8771448553602015
65,0.8726424412053244
66,0.5504989585025716
67,0.5504989585025716
68,0.5716229241548981
69,0.5716229241548981
70,0.5716229241548981
71,0.5716229241548981
72,0.5962428243152488
73,0.5962428243152488
74,0.5962428243152488
75,0.5962428243152488
76,0.5962428243152488
77,0.6206164636742528
78,0.6206164636742528
79,0.6206164636742528
80,0.6206164636742528
81,0.6206164636742528
82,0.6418816052991964
83,0.6418816052991964
84,0.6418816052991964
85,0.6418816052991964
86,0.6418816052991964
87,0.6660866052375004
88,0.6660866052375004
89,0.6660866052375004
90,0.6660866052375004
91,0.6660866052375004
92,0.6921743951154665
93,0.6921743951154665
94,0.6921743951154665
95,0.6921743951154665
96,0.6921743951154665
97,0.6454971900062603
98,0.6454971900062603
99,0.6454971900062603
100,0.6454971900062603
101,0.6454971900062603
102,0.6774925600550816
103,0.6774925600550816
104,0.6774925600550816
105,0.6774925600550816
106,0.6774925600550816
107,0.7009330118811691
108,0.7009330118811691
109,0.7009330118811691
110,0.7009330118811691
111,0.7009330118811691
112,0.7238390166646129
113,0.7238390166646129
114,0.7238390166646129
115,0.7238390166646129
116,0.7238390166646129
117,0.7461334638159344
118,0.7461334638159344
119,0.7461334638159344
120,0.7461334638159344
121,0.7461334638159344
122,0.7721753456991349
123,0.7721753456991349
124,0.7721753456991349
125,0.7721753456991349
126,0.7721753456991349
127,0.7924869503022188
128,0.7924869503022188
129,0.7924869503022188
130,0.7924869503022188
131,0.7924869503022188
132,0.8120862342942959
133,0.8120862342942959
134,0.8120862342942959
135,0.8120862342942959
136,0.8120862342942959
137,0.8131993904807522
138,0.8131993904807522
139,0.8131993904807522
140,0.8131993904807522
141,0.8131993904807522
142,0.8115031854924917
143,0.8115031854924917
144,0.8115031854924917
145,0.812401741991174
146,0.812401741991174
147,0.812437729828585
148,0.812437729828585
149,0.812437729828585
150,0.8115172862127358
151,0.8115172862127358
152,0.8115172862127358
153,0.8109262145246258
154,0.8109262145246258
155,0.8109262145246258
156,0.8108274954367176
157,0.8108274954367176
158,0.8108274954367176
159,0.8102824029943271
160,0.8102824029943271
161,0.8102824029943271
162,0.8124497015094444
163,0.8124497015094444
164,0.8124497015094444
165,0.8124497015094444
166,0.8110085790834674
167,0.8110085790834674
168,0.8110085790834674
169,0.8110085790834674
170,0.8126661341996805
171,0.8126661341996805
172,0.8126661341996805
173,0.8126661341996805
174,0.8126661341996805
175,0.8126661341996805
176,0.8113577194782355
177,0.8113577194782355
178,0.8113577194782355
179,0.8113577194782355
180,0.8113577194782355
181,0.8113577194782355
182,0.8143081762374396
183,0.8143081762374396
184,0.8143081762374396
185,0.8143081762374396
186,0.8143081762374396
187,0.8143081762374396
188,0.8106699056665407
189,0.8106699056665407
190,0.8106699056665407
191,0.8106699056665407
192,0.8106699056665407
193,0.8106699056665407
194,0.8106699056665407
195,0.8106699056665407
196,0.8132151805739378
197,0.8132151805739378
198,0.8132151805739378
199,0.8132151805739378
200,0.8132151805739378
201,0.8132151805739378
202,0.8132151805739378
203,0.8132151805739378
204,0.8129350704963748
205,0.8129350704963748
206,0.8129350704963748
207,0.8129350704963748
208,0.8129350704963748
209,0.8129350704963748
210,0.8129350704963748
211,0.8089947033236536
212,0.8089947033236536
213,0.8089947033236536
214,0.8089947033236536
215,0.8089947033236536
216,0.8089947033236536
217,0.8112960800570538
218,0.8112960800570538
219,0.8112960800570538
220,0.8112960800570538
221,0.8112960800570538
222,0.809407615962692
223,0.809407615962692
224,0.809407615962692
225,0.809407615962692
226,0.809407615962692
227,0.8122651407268275
228,0.8122651407268275
229,0.8122651407268275
230,0.8122651407268275
231,0.8122651407268275
232,0.8099571890262388
233,0.8099571890262388
234,0.8099571890262388
235,0.8099571890262388
236,0.8099571890262388
237,0.8106115768935435
238,0.8106115768935435
239,0.8106115768935435
240,0.8106115768935435
241,0.8106115768935435
242,0.8101245161669064
243,0.8101245161669064
244,0.8101245161669064
245,0.8101245161669064
246,0.8101245161669064
247,0.8108360474258479
248,0.8108360474258479
249,0.8108360474258479
250,0.8108360474258479
251,0.808777595321325
252,0.808777595321325
253,0.808777595321325
254,0.810761056906324
255,0.810761056906324
256,0.7919898829615286
257,0.7929602658996411
258,0.8041943660555579
259,0.6870469986551938
260,0.5793352657322043
261,0.4768470594076587
262,0.38489952891442336
263,0.3030185083272973
264,0.23120748998714283
265,0.17209905791666907
266,0.12288962039515995
267,0.08514832715271868
268,0.0589075688348144
269,0.04217308121627316
270,0.02766402693675637
271,0.017692110070131304
272,0.012229939850843143
273,0.007847803714073528
274,0.005344058262886121
275,0.003446106166968535
276,0.0023567341332193983
277,0.0015412074536860713
278,0.0009844287943662903
279,0.0006638936647349353
280,0.00043748736435122147
281,0.000302328468875065
282,0.0001929912451463691
283,0.00013261674009633757
284,8.472918494229831e-05
285,5.815788342267895e-05
286,3.7981049993064966e-05
287,2.4759366030638475e-05
288,1.64986039154326e-05
289,1.0863995564228615e-05
290,7.501696115311038e-06
291,4.846072025798627e-06
292,3.3066239588521788e-06
293,2.1126254631923045e-06
294,1.4517241314176056e-06
295,0.6758992289160055
296,2.072868877581835
297,2.1428879206387643
298,2.1428879206387643
299,2.9408602922218936
300,2.9408602922218936
301,2.9408602922218936
302,1.5254899184913233
303,1.5254899184913233
304,1.5254899184913233
305,0.7911460571177434
306,0.7911460571177434
307,0.7911460571177434
308,0.7911460571177434
309,0.7911460571177434
310,0.8160029747177682
311,0.8160029747177682
312,0.8160029747177682
313,0.8160029747177682
314,0.8160029747177682
315,2.5011018516955774
316,2.5011018516955774
317,2.5011018516955774
318,2.5011018516955774
319,2.5011018516955774
320,2.566619769532265
321,2.566619769532265
322,2.566619769532265
323,2.566619769532265
324,2.566619769532265
325,1.71286680876568
326,1.71286680876568
327,1.71286680876568
328,1.71286680876568
329,1.71286680876568
330,1.7127982977109648
331,1.7127982977109648
332,1.7127982977109648
333,1.7127982977109648
334,1.7127982977109648
335,1.7120245852712486
336,1.7120245852712486
337,1.7120245852712486
338,1.7120245852712486
339,1.7120245852712486
340,2.5677705684691574
341,2.5677705684691574
342,2.5677705684691574
343,2.5677705684691574
344,2.5677705684691574
345,1.7131479271959533
346,1.7131479271959533
347,1.7131479271959533
348,1.7131479271959533
349,1.7131479271959533
350,1.7131479271959533
351,3.425813700376144
352,3.425813700376144
353,3.425813700376144
354,3.425813700376144
355,3.425813700376144
356,0.8556245961897831
357,0.8556245961897831
358,0.8556245961897831
359,0.8556245961897831
360,0.8556245961897831
361,0.8556245961897831
362,0.855917874089752
363,0.855917874089752
364,0.855917874089752
365,0.855917874089752
366,0.855917874089752
367,0.855917874089752
368,0.855917874089752
369,2.572192304419869
370,2.572192304419869
371,2.572192304419869
372,2.572192304419869
373,2.572192304419869
374,2.572192304419869
375,1.715352680307762
376,1.715352680307762
377,1.715352680307762
378,1.715352680307762
379,1.715352680307762
380,1.715352680307762
381,1.7099938301392001
382,1.7099938301392001
383,1.7099938301392001
384,1.7099938301392001
385,1.7099938301392001
386,1.7129092334282767
387,1.7129092334282767
388,1.7129092334282767
389,1.7129092334282767
390,1.7129092334282767
391,0.8546378702610575
392,0.8546378702610575
393,0.8546378702610575
394,0.8546378702610575
395,0.8546378702610575
396,1.710030865891178
397,1.710030865891178
398,1.710030865891178
399,1.710030865891178
400,1.710030865891178
401,0.8529666188955313
402,0.8529666188955313
403,0.8529666188955313
404,0.8529666188955313
405,0.8529666188955313
406,0.8042741554522305
407,1.6419099660298613
408,0.8042741554522305
409,0.8042741554522305
410,0.8042741554522305
411,1.4073108731722124
412,1.4073108731722124
413,1.4073108731722124
414,0.6906321930877184
415,1.4073108731722124
416,0.5810425312531101
417,0.5810425312531101
418,0.5810425312531101
419,0.5810425312531101
420,1.5127055709068944
421,1.5127055709068944
422,1.5127055709068944
423,1.5127055709068944
424,1.5127055709068944
425,0.38629232394899526
426,0.38629232394899526
427,0.38629232394899526
428,0.38629232394899526
429,0.38629232394899526
430,0.38629232394899526
431,1.3333440486934287
432,1.3333440486934287
433,0.9702198562361701
434,0.9702198562361701
435,0.9702198562361701
436,0.9702198562361701
437,0.4812920597924637
438,0.4812920597924637
439,0.4812920597924637
440,0.4812920597924637
441,0.4812920597924637
442,0.4812920597924637
443,0.17457030612334995
444,0.17457030612334995
445,0.17457030612334995
446,0.17457030612334995
447,0.17457030612334995
448,0.17457030612334995
449,0.26501260023576567
450,0.41173216471458063
451,0.26501260023576567
452,0.26501260023576567
453,0.26501260023576567
454,0.26501260023576567
455,0.2881664309089188
456,0.2881664309089188
457,0.2881664309089188
458,0.2881664309089188
459,0.2881664309089188
460,0.2881664309089188
461,0.05989537842007549
462,0.05989537842007549
463,0.1285749084741688
464,0.1285749084741688
465,0.05989537842007549
466,0.1285749084741688
467,0.0410557740903677
468,0.0410557740903677
469,0.0410557740903677
470,0.0410557740903677
471,0.0410557740903677
472,0.0410557740903677
473,0.05860211642906931
474,0.05860211642906931
475,0.05860211642906931
476,0.05860211642906931
477,0.05860211642906931
478,0.05860211642906931
479,0.06170972472800086
480,0.06170972472800086
481,0.06170972472800086
482,0.06170972472800086
483,0.06170972472800086
484,0.06170972472800086
485,0.026014271360632182
486,0.026014271360632182
487,0.04096612096403589
488,0.04096612096403589
489,0.026014271360632182
490,0.04096612096403589
491,0.008100525857226714
492,0.02674217595004307
493,0.008100525857226714
494,0.008100525857226714
495,0.008100525857226714
496,0.008100525857226714
497,0.011383625108759758
498,0.011383625108759758
499,0.011383625108759758
500,0.011383625108759758
501,0.011383625108759758
502,0.011383625108759758
503,0.0035867238298513183
504,0.0035867238298513183
505,0.0035867238298513183
506,0.0035867238298513183
507,0.0035867238298513183
508,0.0035867238298513183
509,0.0024226782220397322
510,0.0024226782220397322
511,0.0024226782220397322
512,0.0024226782220397322
513,0.0024226782220397322
514,0.0024226782220397322
515,0.0016266233448539423
516,0.0016266233448539423
517,0.0016266233448539423
518,0.0016266233448539423
519,0.0016266233448539423
520,0.0016266233448539423
521,0.002244921895019499
522,0.002244921895019499
523,0.002244921895019499
524,0.002244921895019499
525,0.002244921895019499
526,0.002244921895019499
527,0.0014973248713840254
528,0.0014973248713840254
529,0.0014973248713840254
530,0.0014973248713840254
531,0.0014973248713840254
532,0.001557194634096344
533,0.001557194634096344
534,0.001557194634096344
535,0.001557194634096344
536,0.001557194634096344
537,0.0010120048631913794
538,0.0010120048631913794
539,0.0010120048631913794
540,0.0010120048631913794
541,0.0010120048631913794
542,0.001984168637080665
543,0.001984168637080665
544,0.001984168637080665
545,0.001984168637080665
546,0.001984168637080665
547,0.0006343779749942944
548,0.0006343779749942944
549,0.0006343779749942944
550,0.0006343779749942944
551,0.0006343779749942944
552,0.0003009074121939359
553,0.0003009074121939359
554,0.0003009074121939359
555,0.0003009074121939359
556,0.0003009074121939359
557,5.989626659332952e-05
558,5.989626659332952e-05
559,5.989626659332952e-05
560,5.989626659332952e-05
561,5.989626659332952e-05
562,0.00013081683099929102
563,0.00013081683099929102
564,0.00013081683099929102
565,0.00013081683099929102
566,0.00018495921707403174
567,0.000122963045492896
568,0.000122963045492896
569,0.000122963045492896
570,0.000122963045492896
571,0.000122963045492896
572,8.16808217561143e-05
573,8.16808217561143e-05
574,8.16808217561143e-05
575,8.16808217561143e-05
576,8.16808217561143e-05
577,8.16808217561143e-05
578,3.853739142356245e-05
579,3.853739142356245e-05
580,3.853739142356245e-05
581,3.853739142356245e-05
582,3.853739142356245e-05
583,3.853739142356245e-05
584,7.746609545092138e-06
585,7.746609545092138e-06
586,7.746609545092138e-06
587,7.746609545092138e-06
588,7.746609545092138e-06
589,7.746609545092138e-06
590,7.746609545092138e-06
591,1.6837822552610404e-05
592,1.6837822552610404e-05
593,1.6837822552610404e-05
594,1.6837822552610404e-05
595,1.6837822552610404e-05
596,1.6837822552610404e-05
597,1.6837822552610404e-05
598,3.4765170354922106e-06
599,3.4765170354922106e-06
600,3.4765170354922106e-06
601,3.4765170354922106e-06
602,3.4765170354922106e-06
603,3.4765170354922106e-06
604,3.4765170354922106e-06
605,7.421312870572476e-06
606,7.421312870572476e-06
607,7.421312870572476e-06
608,7.421312870572476e-06
609,7.421312870572476e-06
610,7.421312870572476e-06
611,7.421312870572476e-06
612,1.4874288052822986e-06
613,1.4874288052822986e-06
614,1.4874288052822986e-06
615,3.125366793434473e-06
616,1.4874288052822986e-06
617,1.4874288052822986e-06
618,1.4874288052822986e-06
619,6.190129831861701e-06
620,3.346307801495107e-06
621,3.346307801495107e-06
622,3.346307801495107e-06
623,3.346307801495107e-06
624,3.346307801495107e-06
625,3.346307801495107e-06
626,2.32107213737204
627,5.417025897427346
628,2.320893387468131
629,6.190322565406414
630,5.416414076748099
631,1.5482257251737375
632,1.5482257251737375
633,1.5482257251737375
634,1.5465970757452892
635,1.5465970757452892
636,1.5465970757452892
637,1.5468357719212136
638,1.5468357719212136
639,1.5468357719212136
640,4.640175655709338
641,4.640175655709338
642,4.640175655709338
643,4.640175655709338
644,4.640175655709338
645,7.734993523585626
646,7.734993523585626
647,7.734993523585626
648,7.734993523585626
649,7.734993523585626
650,0.7731263916152397
651,0.7731263916152397
652,0.7731263916152397
653,0.7731263916152397
654,0.7731263916152397
655,0.7731354785657942
656,0.7731354785657942
657,0.7731354785657942
658,0.7731354785657942
659,0.7731354785657942
660,0.5277262840256831
661,0.5277262840256831
662,0.5529868398568865
663,0.5529868398568865
664,0.5529868398568865
665,0.5753459577715272
666,0.5753459577715272
667,0.5753459577715272
668,0.5753459577715272
669,0.6045067669522249
670,0.6045067669522249
671,0.6045067669522249
672,0.6045067669522249
673,0.6274794103252775
674,0.6274794103252775
675,0.6274794103252775
676,0.6274794103252775
677,0.6274794103252775
678,0.6513376875779678
679,0.6513376875779678
680,0.6513376875779678
681,0.6513376875779678
682,0.6513376875779678
683,0.6771578289478497
684,0.6771578289478497
685,0.6771578289478497
686,0.6771578289478497
687,0.6771578289478497
688,0.6429204153903504
689,0.6429204153903504
690,0.6429204153903504
691,0.6429204153903504
692,0.6429204153903504
693,0.6749157854386643
694,0.6749157854386643
695,0.6749157854386643
696,0.6749157854386643
697,0.6749157854386643
698,0.7027548692778464
699,0.7027548692778464
700,0.7027548692778464
701,0.7027548692778464
702,0.7027548692778464
703,0.7274764235645979
704,0.7274764235645979
705,0.7274764235645979
706,0.7274764235645979
707,0.7274764235645979
708,0.7522722135425086
709,0.7522722135425086
710,0.7522722135425086
711,0.7522722135425086
712,0.7522722135425086
713,0.7728016799171831
714,0.7728016799171831
715,0.7728016799171831
716,0.7728016799171831
717,0.7728016799171831
718,0.7941425059111443
719,0.7941425059111443
720,0.7941425059111443
721,0.7941425059111443
722,0.7941425059111443
723,0.8159458765596425
724,0.8159458765596425
725,0.8159458765596425
726,0.8159458765596425
727,0.8159458765596425
728,0.8159458765596425
729,0.842065764502463
730,0.842065764502463
731,0.842065764502463
732,0.842065764502463
733,0.842065764502463
734,0.842065764502463
735,0.842065764502463
736,0.866412524652996
737,0.866412524652996
738,0.866412524652996
739,0.866412524652996
740,0.866412524652996
741,0.866412524652996
742,0.866412524652996
743,0.8906007745674022
744,0.8906007745674022
745,0.8906007745674022
746,0.8906007745674022
747,0.8906007745674022
748,0.9104973428633022
749,0.9104973428633022
750,0.9104973428633022
751,0.9104973428633022
752,0.9078369037577544
753,0.9078369037577544
754,0.9078369037577544
755,0.9091531105408699
756,0.9091531105408699
757,0.9091531105408699
758,0.9103457553482519
759,0.9103457553482519
760,0.9103457553482519
761,0.9082693496460197
762,0.9082693496460197
763,0.9082693496460197
764,0.907348718110689
765,0.907348718110689
766,0.907348718110689
767,0.9086743592330339
768,0.9086743592330339
769,0.9086743592330339
770,0.9086743592330339
771,0.9106186391781893
772,0.9106186391781893
773,0.9106186391781893
774,0.9106186391781893
775,0.9110784789797934
776,0.9110784789797934
777,0.9110784789797934
778,0.9086785187848938
779,0.9086785187848938
780,0.9076690611257703
781,0.9076690611257703
782,0.8757367234968564
783,0.8757367234968564
784,0.9086832516061806
785,0.9086832516061806
786,0.9072081941507282
787,0.9072081941507282
788,0.9059966075857839
789,0.9059966075857839
790,0.909471076222851
791,0.909471076222851
792,0.9077734001994172
793,0.9077734001994172
794,0.9062773059454144
795,0.9062773059454144
796,0.9084688564244007
797,0.9063407480873493
798,0.9083438361945545
799,0.8862718635730767
800,0.8887858725439022
801,0.8879251061001578
802,0.651673858092991
803,0.6785265581546912
804,0.6785265581546912
805,0.7037913567790024
806,0.7037913567790024
807,0.7037913567790024
808,0.7265713963831087
809,0.7265713963831087
810,0.7265713963831087
811,0.7523591096994198
812,0.7523591096994198
813,0.7523591096994198
814,0.7798631553722176
815,0.7798631553722176
816,0.7798631553722176
817,0.8022814774755269
818,0.8022814774755269
819,0.8022814774755269
820,0.8022814774755269
821,0.8002160846143456
822,0.8002160846143456
823,0.8002160846143456
824,0.8002160846143456
825,0.8002160846143456
826,0.7997264721875488
827,0.7997264721875488
828,0.7997264721875488
829,0.7997264721875488
830,0.7997264721875488
831,0.7995441491183477
832,0.7995441491183477
833,0.7995441491183477
834,0.7995441491183477
835,0.7995441491183477
836,0.8029154460871087
837,0.8029154460871087
838,0.8029154460871087
839,0.8029154460871087
840,0.8029154460871087
841,0.8028684673998816
842,0.8028684673998816
843,0.8028684673998816
844,0.8028684673998816
845,0.8028684673998816
846,0.8011630899474564
847,0.8011630899474564
848,0.8011630899474564
849,0.8011630899474564
850,0.8011630899474564
851,0.8011630899474564
852,0.8004782969309288
853,0.8004782969309288
854,0.8004782969309288
855,0.8004782969309288
856,0.8004782969309288
857,0.8004782969309288
858,0.8017676182506308
859,0.8017676182506308
860,0.8017676182506308
861,0.8017676182506308
862,0.8017676182506308
863,0.8017676182506308
864,0.8017676182506308
865,0.8017676182506308
866,0.79981078100122
867,0.79981078100122
868,0.79981078100122
869,0.79981078100122
870,0.79981078100122
871,0.79981078100122
872,0.79981078100122
873,0.8000439047204709
874,0.8000439047204709
875,0.8000439047204709
876,0.8000439047204709
877,0.8000439047204709
878,0.8000439047204709
879,0.8013571890048189
880,0.8013571890048189
881,0.8013571890048189
882,0.8013571890048189
883,0.8013571890048189
884,0.8030301768520662
885,0.8030301768520662
886,0.8030301768520662
887,0.8030301768520662
888,0.8030301768520662
889,0.8034438905444963
890,0.8034438905444963
891,0.8034438905444963
892,0.8034438905444963
893,0.8034438905444963
894,0.7995794687574146
895,0.7995794687574146
896,0.7995794687574146
897,0.7995794687574146
898,0.7994386468009239
899,0.7994386468009239
900,0.7994386468009239
901,0.7994386468009239
902,0.8022330275265966
903,0.8022330275265966
904,0.8022330275265966
905,0.7999219567437461
906,0.7999219567437461
907,0.7999219567437461
908,0.8002676105774162
909,0.8002676105774162
910,0.8002676105774162
911,0.8001818434274162
912,0.8001818434274162
913,0.8001818434274162
914,0.7990125602720886
915,0.7990125602720886
916,0.7984713421986377
917,0.7984713421986377
918,0.7984713421986377
919,0.8007810646515009
920,0.8012739865696716
921,0.8014693761309961
922,0.8012559415522522
923,0.7994297749081138
924,0.8003270267272772
925,0.7800916615611874
926,0.7800916615611874
927,0.7819957631114209
928,0.7819957631114209
929,0.7811691330289737
930,0.7811691330289737
931,0.802306385348824
932,0.802306385348824
933,0.7995563350738156
934,0.7995563350738156
935,0.7997559443061617
936,0.7997559443061617
937,0.8029902973424876
938,0.8029902973424876
939,0.6922768804020459
940,0.5844135068858433
941,0.47969829507861506
942,0.38892293669423555
943,0.3049716605267083
944,0.2343579246446694
945,0.17428261287628752
946,0.1275604437033321
947,0.08712505048716207
948,0.06126125282995155
949,0.042421606014921426
950,0.05845342112934801
951,0.018035084314857053
952,0.012054326539542044
953,0.008378028757165246
954,0.017917403309104782
955,0.007580005308479193
956,0.0050842023697089305
957,0.0015577986494829615
958,0.0010532188583955151
959,0.0007151108861416926
960,0.00047645892784291277
961,0.000306768986925142
962,0.00020518347053176324
963,0.00013478931989304932
964,0.0002835982132775234
965,8.798177324705192e-05
966,8.798177324705192e-05
967,5.835368997356404e-05
968,5.835368997356404e-05
969,3.8726007674402477e-05
970,3.8726007674402477e-05
971,2.6085671388527973e-05
972,2.6085671388527973e-05
973,1.7480444229518857e-05
974,1.7480444229518857e-05
975,1.1624458175513362e-05
976,1.1624458175513362e-05
977,7.588626978600191e-06
978,1.6015436310411582e-05
979,5.066858640985201e-06
980,1.699800844614873e-05
981,3.340055516044672e-06
982,3.340055516044672e-06
983,2.2010842055123416e-06
984,2.2010842055123416e-06
985,1.4430574097280297e-06
986,1.4430574097280297e-06
987,1.0515820584800943
988,1.0904768288415043
989,1.0904768288415043
990,2.7980987442721297
991,1.6990048960431983
992,2.7980987442721297
993,1.6990048960431983
994,1.7693606789647338
995,1.7693606789647338
996,1.7693606789647338
997,1.7693606789647338
998,1.7693606789647338
999,0.6190486955560655
1000,0.6190486955560655
1001,0.6190486955560655
1002,0.6190486955560655
1003,0.6190486955560655
1004,1.278442530670018
1005,1.278442530670018
1006,1.278442530670018
1007,1.278442530670018
1008,1.278442530670018
1009,0.6664826048411556
1010,0.6664826048411556
1011,0.6664826048411556
1012,0.6664826048411556
1013,0.6664826048411556
1014,2.0340854302654807
1015,2.0340854302654807
1016,2.0340854302654807
1017,2.0340854302654807
1018,2.0340854302654807
1019,1.940974931725578
1020,1.940974931725578
1021,1.940974931725578
1022,1.940974931725578
1023,1.940974931725578
1024,1.3642313170197962
1025,1.3642313170197962
1026,1.3642313170197962
1027,1.3642313170197962
1028,1.3642313170197962
1029,1.409550001790419
1030,1.409550001790419
1031,1.409550001790419
1032,1.409550001790419
1033,1.409550001790419
1034,2.188229561112603
1035,2.188229561112603
1036,2.188229561112603
1037,2.188229561112603
1038,2.188229561112603
1039,1.501929412393814
1040,1.501929412393814
1041,1.501929412393814
1042,1.501929412393814
1043,1.501929412393814
1044,3.077523436435092
1045,3.077523436435092
1046,3.077523436435092
1047,1.5507605486196578
1048,3.077523436435092
1049,1.5894558493302497
1050,1.5894558493302497
1051,1.5894558493302497
1052,1.5894558493302497
1053,1.5894558493302497
1054,1.6294916043742467
1055,1.6294916043742467
1056,1.6294916043742467
1057,1.6294916043742467
1058,1.6294916043742467
1059,1.6784554647646537
1060,1.6784554647646537
1061,1.6784554647646537
1062,1.6784554647646537
1063,1.6784554647646537
1064,1.6784554647646537
1065,1.72595754190733
1066,1.72595754190733
1067,3.4288718972099437
1068,3.4288718972099437
1069,1.72595754190733
1070,0.8921924895330791
1071,0.8921924895330791
1072,0.8921924895330791
1073,0.8921924895330791
1074,0.8921924895330791
1075,0.9160421678733943
1076,0.9160421678733943
1077,0.9160421678733943
1078,0.9160421678733943
1079,0.9160421678733943
1080,0.9393074655051951
1081,0.9393074655051951
1082,1.8739050806184623
1083,1.8739050806184623
1084,0.9393074655051951
1085,0.943726958905091
1086,0.943726958905091
1087,0.943726958905091
1088,0.943726958905091
1089,0.943726958905091
1090,0.9422010257640997
1091,0.9422010257640997
1092,0.9422010257640997
1093,0.9422010257640997
1094,0.9422010257640997
1095,2.8286174144472738
1096,2.8286174144472738
1097,2.8286174144472738
1098,2.8286174144472738
1099,2.8286174144472738
1100,1.8863912905903808
1101,1.8863912905903808
1102,1.8863912905903808
1103,1.8863912905903808
1104,1.8863912905903808
1105,2.8249720222674446
1106,2.8249720222674446
1107,2.8249720222674446
1108,2.8249720222674446
1109,2.8249720222674446
1110,1.887173269249838
1111,1.887173269249838
1112,1.887173269249838
1113,1.887173269249838
1114,1.887173269249838
1115,1.8835228964302928
1116,1.8835228964302928
1117,1.8835228964302928
1118,1.8835228964302928
1119,1.8835228964302928
1120,1.882210411615121
1121,1.882210411615121
1122,1.882210411615121
1123,1.882210411615121
1124,1.882210411615121
1125,2.792960690117321
1126,2.792960690117321
1127,2.792960690117321
1128,2.792960690117321
1129,1.8818664392684161
1130,1.8818664392684161
1131,1.8818664392684161
1132,1.8841801183736289
1133,2.81994768268383
1134,2.81994768268383
1135,2.81994768268383
1136,1.8794781287642015
1137,1.8794781287642015
1138,1.8794781287642015
1139,1.8800615946232024
1140,1.8800615946232024
1141,1.8800615946232024
1142,1.8800615946232024
1143,0.939696454729829
1144,0.939696454729829
1145,0.939696454729829
1146,0.939696454729829
1147,3.4635165840055597
1148,3.4635165840055597
1149,3.4635165840055597
1150,3.4635165840055597
1151,1.2844012733267387
1152,1.2844012733267387
1153,1.2844012733267387
1154,1.2844012733267387
1155,1.2844012733267387
1156,0.925935719997875
1157,0.925935719997875
1158,0.925935719997875
1159,0.925935719997875
1160,0.925935719997875
1161,0.925935719997875
1162,0.5665744252156906
1163,0.5665744252156906
1164,0.5665744252156906
1165,0.5665744252156906
1166,0.5665744252156906
1167,0.5665744252156906
1168,0.20721313043350603
1169,0.20721313043350603
1170,0.20721313043350603
1171,0.20721313043350603
1172,0.20721313043350603
1173,0.20721313043350603
1174,0.20721313043350603
1175,0.6483683866419921
1176,0.676928644803761
1177,0.676928644803761
1178,0.7009916827726653
1179,0.7009916827726653
1180,0.7009916827726653
1181,0.7009916827726653
1182,0.7257961617852535
1183,0.7257961617852535
1184,0.7257961617852535
1185,0.7257961617852535
1186,0.7257961617852535
1187,0.7469400392206614
1188,0.7469400392206614
1189,0.7469400392206614
1190,0.7469400392206614
1191,0.7469400392206614
1192,0.772171120628313
1193,0.772171120628313
1194,0.772171120628313
1195,0.772171120628313
1196,0.772171120628313
1197,0.7685439840191373
1198,0.7685439840191373
1199,0.7685439840191373
1200,0.7685439840191373
1201,0.7685439840191373
1202,0.771040855137437
1203,0.771040855137437
1204,0.771040855137437
1205,0.771040855137437
1206,0.771040855137437
1207,0.7702909358137598
1208,0.7702909358137598
1209,0.7702909358137598
1210,0.7702909358137598
1211,0.7702909358137598
1212,0.7706244030795335
1213,0.7706244030795335
1214,0.7706244030795335
1215,0.7706244030795335
1216,0.7706244030795335
1217,0.7696518630978935
1218,0.7696518630978935
1219,0.7696518630978935
1220,0.7696518630978935
1221,0.7696518630978935
1222,0.7703901097284191
1223,0.7703901097284191
1224,0.7703901097284191
1225,0.7703901097284191
1226,0.7703901097284191
1227,0.7710630455599898
1228,0.7710630455599898
1229,0.7710630455599898
1230,0.7710630455599898
1231,0.7710630455599898
1232,0.7682660791169135
1233,0.7682660791169135
1234,0.7682660791169135
1235,0.7682660791169135
1236,0.7682660791169135
1237,0.7693525446728862
1238,0.7693525446728862
1239,0.7693525446728862
1240,0.7693525446728862
1241,0.7693525446728862
1242,0.7684230294769006
1243,0.7684230294769006
1244,0.7684230294769006
1245,0.7684230294769006
1246,0.7684230294769006
1247,0.7704210654142871
1248,0.7704210654142871
1249,0.7704210654142871
1250,0.7704210654142871
1251,0.7700153858813085
1252,0.7700153858813085
1253,0.7700153858813085
1254,0.7684284006610662
1255,0.7684284006610662
1256,0.769813121694925
1257,0.769813121694925
1258,0.769813121694925
1259,0.7714228905561173
1260,0.7714228905561173
1261,0.7714228905561173
1262,0.7721090071202337
1263,0.7721090071202337
1264,0.7721090071202337
1265,0.771481453429244
1266,0.771481453429244
1267,0.771481453429244
1268,0.7698415230856929
1269,0.7698415230856929
1270,0.7698415230856929
1271,0.7697017915962828
1272,0.7697017915962828
1273,0.7697017915962828
1274,0.7697017915962828
1275,0.7680562493882986
1276,0.7680562493882986
1277,0.7680562493882986
1278,0.7680562493882986
1279,0.7670408239412215
1280,0.7670408239412215
1281,0.7670408239412215
1282,0.7670408239412215
1283,0.7671421149273314
1284,0.7671421149273314
1285,0.7671421149273314
1286,0.7671421149273314
1287,0.7671421149273314
1288,0.7671421149273314
1289,0.7698693716109783
1290,0.7698693716109783
1291,0.7698693716109783
1292,0.7698693716109783
1293,0.7698693716109783
1294,0.7698693716109783
1295,0.7698693716109783
1296,0.7698693716109783
1297,0.7698832394209939
1298,0.7698832394209939
1299,0.7698832394209939
1300,0.7698832394209939
1301,0.7698832394209939
1302,0.7698832394209939
1303,0.7698832394209939
1304,0.7698832394209939
1305,0.767782449522979
1306,0.767782449522979
1307,0.767782449522979
1308,0.767782449522979
1309,0.767782449522979
1310,0.767782449522979
1311,0.767782449522979
1312,0.7687163256093282
1313,0.7687163256093282
1314,0.7687163256093282
1315,0.7687163256093282
1316,0.7687163256093282
1317,0.7687163256093282
1318,0.7687163256093282
1319,0.7678746046454975
1320,0.7678746046454975
1321,0.7678746046454975
1322,0.7678746046454975
1323,0.7678746046454975
1324,0.7678746046454975
1325,0.7678746046454975
1326,0.7701043109135326
1327,0.7701043109135326
1328,0.7701043109135326
1329,0.7701043109135326
1330,0.7701043109135326
1331,0.7701043109135326
1332,0.768523870530778
1333,0.768523870530778
1334,0.768523870530778
1335,0.768523870530778
1336,0.768523870530778
1337,0.7512661107578581
1338,0.7512661107578581
1339,0.7512661107578581
1340,0.7512661107578581
1341,0.7512661107578581
1342,0.7515142486554057
1343,0.7515142486554057
1344,0.7515142486554057
1345,0.7515142486554057
1346,0.7515142486554057
1347,0.7377039116824295
1348,0.7377039116824295
1349,0.7377039116824295
1350,0.7377039116824295
1351,0.7377039116824295
1352,0.6247637994152487
1353,0.6247637994152487
1354,0.6247637994152487
1355,0.6247637994152487
1356,0.6247637994152487
1357,0.5331174899370401
1358,0.5331174899370401
1359,0.5331174899370401
1360,0.5331174899370401
1361,0.4369600751493736
1362,0.4369600751493736
1363,0.4369600751493736
1364,0.4369600751493736
1365,0.34792147147912267
1366,0.34792147147912267
1367,0.34792147147912267
1368,0.34792147147912267
1369,0.2701064449466893
1370,0.2701064449466893
1371,0.2701064449466893
1372,0.2701064449466893
1373,0.20493828077273968
1374,0.20493828077273968
1375,0.20493828077273968
1376,0.20493828077273968
1377,0.15080354409335622
1378,0.15080354409335622
1379,0.15080354409335622
1380,0.15080354409335622
1381,0.10854886441585658
1382,0.10854886441585658
1383,0.10854886441585658
1384,0.10854886441585658
1385,0.07420586810736651
1386,0.07420586810736651
1387,0.07420586810736651
1388,0.07420586810736651
1389,0.052025188989740824
1390,0.052025188989740824
1391,0.052025188989740824
1392,0.052025188989740824
1393,0.03536452807962285
1394,0.03536452807962285
1395,0.03536452807962285
1396,0.03536452807962285
1397,0.02244321030534225
1398,0.02244321030534225
1399,0.02244321030534225
1400,0.02244321030534225
1401,0.014850954523075006
1402,0.014850954523075006
1403,0.014850954523075006
1404,0.014850954523075006
1405,0.00992357860468059
1406,0.00992357860468059
1407,0.00992357860468059
1408,0.00992357860468059
1409,0.006681710890578642
1410,0.006681710890578642
1411,0.006681710890578642
1412,0.006681710890578642
1413,0.004462096965283664
1414,0.004462096965283664
1415,0.004462096965283664
1416,0.004462096965283664
1417,0.002875486052064918
1418,0.002875486052064918
1419,0.002875486052064918
1420,0.002875486052064918
1421,0.001990199910467731
1422,0.001990199910467731
1423,0.001990199910467731
1424,0.001990199910467731
1425,0.0012754526016684308
1426,0.0012754526016684308
1427,0.0012754526016684308
1428,0.0012754526016684308
1429,0.0008865614356004121
1430,0.0008865614356004121
1431,0.0008865614356004121
1432,0.0008865614356004121
1433,0.0005825310501925739
1434,0.0005825310501925739
1435,0.0005825310501925739
1436,0.0005825310501925739
1437,0.0003787544295531455
1438,0.0003787544295531455
1439,0.0003787544295531455
1440,0.0003787544295531455
1441,0.00024812915639401334
1442,0.00024812915639401334
1443,0.00024812915639401334
1444,0.00024812915639401334
1445,0.00016916904893827665
1446,0.00016916904893827665
1447,0.00016916904893827665
1448,0.00016916904893827665
1449,0.0001134956562434973
1450,0.0001134956562434973
1451,0.0001134956562434973
1452,0.0001134956562434973
1453,7.162908456359156e-05
1454,7.162908456359156e-05
1455,7.162908456359156e-05
1456,7.162908456359156e-05
1457,4.798959402969708e-05
1458,4.798959402969708e-05
1459,4.798959402969708e-05
1460,4.798959402969708e-05
1461,4.798959402969708e-05
1462,3.179475723863331e-05
1463,3.179475723863331e-05
1464,3.179475723863331e-05
1465,3.179475723863331e-05
1466,3.179475723863331e-05
1467,2.1613297048162755e-05
1468,2.1613297048162755e-05
1469,2.1613297048162755e-05
1470,2.1613297048162755e-05
1471,2.1613297048162755e-05
1472,1.3976960001149382e-05
1473,1.3976960001149382e-05
1474,1.3976960001149382e-05
1475,1.3976960001149382e-05
1476,1.3976960001149382e-05
1477,9.672534455999915e-06
1478,9.672534455999915e-06
1479,9.672534455999915e-06
1480,9.672534455999915e-06
1481,9.672534455999915e-06
1482,6.182824182810619e-06
1483,6.182824182810619e-06
1484,6.182824182810619e-06
1485,6.182824182810619e-06
1486,6.182824182810619e-06
1487,4.247494525924087e-06
1488,4.247494525924087e-06
1489,4.247494525924087e-06
1490,4.247494525924087e-06
1491,4.247494525924087e-06
1492,2.7877575368555443e-06
1493,2.7877575368555443e-06
1494,2.7877575368555443e-06
1495,2.7877575368555443e-06
1496,2.7877575368555443e-06
1497,1.866040000894897e-06
1498,1.866040000894897e-06
1499,1.866040000894897e-06
1500,1.866040000894897e-06
1501,1.866040000894897e-06
1502,1.2133100938025127e-06
1503,1.2133100938025127e-06
1504,1.2133100938025127e-06
1505,1.2133100938025127e-06
1506,1.2133100938025127e-06
1507,1.2133100938025127e-06
