,pv
0,0.17804980143595944
1,0.17804980143598265
2,0.17804980143585883
3,0.17804980143591462
4,0.1780498014359582
5,0.17804980143598415
6,0.17804980143602703
7,0.17804980143597662
8,0.17804980143588453
9,0.17804980143591412
10,0.17804980143592913
11,0.17804980143604876
12,0.17804980143602214
13,0.17804980143605068
14,0.17804980143598415
15,0.17804980143598825
16,0.1780498014360205
17,0.17804980143599788
18,0.17804980143587518
19,0.17804980143589016
20,0.17804980143590646
21,0.17804980143597754
22,0.17804980143600782
23,0.17804980143588797
24,0.17804980143595803
25,0.17804980143600774
26,0.17804980143588003
27,0.17804980143588872
28,0.17804980143596308
29,0.178049801435914
30,0.17804980143595364
31,0.17804980143591162
32,0.1780498014359712
33,0.17804980143593582
34,0.1780498014358929
35,0.17804980143601648
36,0.17804980143591184
37,0.1780498014359534
38,0.17804980143599924
39,0.17804980143599924
40,0.17804980143589885
41,0.17804980143589885
42,0.17804980143598162
43,0.17804980143598162
44,0.1780498014359132
45,0.1780498014359132
46,0.1780498014359017
47,0.1780498014359017
48,0.17804980143587495
49,0.17804980143587495
50,0.17804980143588134
51,0.17804980143588134
52,0.17804980143588134
53,0.17804980143586532
54,0.17804980143586532
55,0.17804980143586532
56,0.17804980143589325
57,0.17804980143589325
58,0.17804980143589325
59,0.17804980143600815
60,0.17804980143600815
61,0.17804980143600815
62,0.17804980143599158
63,0.17804980143599158
64,0.17804980143599158
65,0.17804980143599158
66,0.17804980143589896
67,0.17804980143589896
68,0.17804980143589896
69,0.17804980143589896
70,0.17804980143598154
71,0.17804980143598154
72,0.17804980143598154
73,0.17804980143598154
74,0.17804980143592347
75,0.17804980143592347
76,0.17804980143592347
77,0.17804980143592347
78,0.17804980143587798
79,0.17804980143587798
80,0.17804980143587798
81,0.17804980143587798
82,0.17804980143582594
83,0.17804980143582594
84,0.17804980143582594
85,0.17804980143582594
86,0.1780498014359865
87,0.1780498014359865
88,0.1780498014359865
89,0.1780498014359865
90,0.17804980143591984
91,0.17804980143591984
92,0.17804980143591984
93,0.17804980143591984
94,0.17804980143585916
95,0.17804980143585916
96,0.17804980143585916
97,0.17804980143585916
98,0.17804980143590107
99,0.17804980143590107
100,0.17804980143590107
101,0.17804980143590107
102,0.17804980143592927
103,0.17804980143592927
104,0.17804980143592927
105,0.17804980143592927
106,0.1780498014358882
107,0.1780498014358882
108,0.1780498014358882
109,0.1780498014358882
110,0.17804980143595334
111,0.17804980143595334
112,0.17804980143595334
113,0.17804980143595334
114,0.17804980143593876
115,0.17804980143593876
116,0.17804980143593876
117,0.17804980143593876
118,0.17804980143594476
119,0.17804980143594476
120,0.17804980143594476
121,0.17804980143594476
122,0.17804980143594923
123,0.17804980143594923
124,0.17804980143594923
125,0.17804980143594923
126,0.1780498014359846
127,0.1780498014359846
128,0.1780498014359846
129,0.1780498014359846
130,0.17804980143596968
131,0.17804980143596968
132,0.17804980143596968
133,0.17804980143596968
134,0.1780498014359526
135,0.1780498014359526
136,0.1780498014359526
137,0.1780498014359526
138,0.178049801435896
139,0.178049801435896
140,0.178049801435896
141,0.178049801435896
142,0.1780498014360154
143,0.1780498014360154
144,0.1780498014360154
145,0.1780498014360154
146,0.17804980143589091
147,0.17804980143589091
148,0.17804980143589091
149,0.17804980143589091
150,0.17804980143590496
151,0.17804980143590496
152,0.17804980143590496
153,0.17804980143590496
154,0.17804980143589177
155,0.17804980143589177
156,0.17804980143589177
157,0.17804980143589177
158,0.17804980143597945
159,0.17804980143597945
160,0.17804980143597945
161,0.1780498014359592
162,0.1780498014359592
163,0.1780498014359592
164,0.17804980143588017
165,0.17804980143588017
166,0.17804980143588017
167,0.17804980143597143
168,0.17804980143597143
169,0.17804980143597143
170,0.17804980143598526
171,0.17804980143598526
172,0.17804980143598526
173,0.1780498014359693
174,0.1780498014359693
175,0.1780498014359693
176,0.1780498014359262
177,0.1780498014359262
178,0.1780498014359262
179,0.1780498014359618
180,0.1780498014359618
181,0.1780498014359618
182,0.1780498014359409
183,0.1780498014359409
184,0.1780498014359409
185,0.17804980143587976
186,0.17804980143587976
187,0.17804980143587976
188,0.17804980143587976
189,0.1780498014359668
190,0.1780498014359668
191,0.1780498014359668
192,0.17804980143603377
193,0.17804980143603377
194,0.1780498014359096
195,0.1780498014359096
196,0.17804980143585267
197,0.17804980143585267
198,0.17804980143585267
199,0.1780498014359691
200,0.1780498014359691
201,0.1780498014359691
202,0.1780498014359011
203,0.1780498014359011
204,0.1780498014359011
205,0.17804980143590637
206,0.17804980143590637
207,0.17804980143590637
208,0.178049801436019
209,0.178049801436019
210,0.1780498014359188
211,0.1780498014359188
212,0.17804980143601545
213,0.17804980143601545
214,0.17804980143587262
215,0.17804980143587262
216,0.1780498014359476
217,0.17804980143591445
218,0.17804980143599133
219,0.17804980143597118
220,0.17804980143586102
221,0.39396058387942245
222,0.3939605838794482
223,0.3939605838794623
224,0.3939605838794989
225,0.3939605838794354
226,0.3939605838794865
227,0.3939605838794201
228,0.39396058387944266
229,0.3939605838794882
230,0.39396058387946636
231,0.1969802919397793
232,0.39396058387941874
233,0.39396058387947397
234,0.39396058387949157
235,0.1969802919396801
236,0.19698029193968924
237,0.5909408758191644
238,0.19698029193970368
239,0.19698029193972397
240,0.39396058387942906
241,0.3939605838794523
242,0.39396058387947214
243,0.3939605838794737
244,0.3939605838794321
245,0.590940875819184
246,0.7879211677588975
247,0.426819285486697
248,0.4268192854866623
249,0.42681928548671627
250,0.6402289282299928
251,0.6402289282300097
252,0.4268192854866744
253,0.8536385709733764
254,0.2134096427434208
255,0.6402289282300093
256,0.4268192854867002
257,0.42681928548670306
258,0.42681928548668147
259,0.42681928548669995
260,0.21340964274334603
261,0.21340964274342455
262,0.4268192854866488
263,0.4268192854866879
264,0.8536385709733856
265,0.4268192854867077
266,0.21340964274339325
267,0.42681928548665937
268,0.22025513242454048
269,0.22025513242453343
270,0.22025513242447142
271,0.22025513242452457
272,0.22025513242447559
273,0.22025513242446262
274,0.2202551324244684
275,0.2202551324244684
276,0.22025513242443717
277,0.22025513242443717
278,0.22025513242451478
279,0.22025513242451478
280,0.22025513242449746
281,0.22025513242449746
282,0.22025513242444733
283,0.22025513242444733
284,0.22025513242444733
285,0.2202551324244551
286,0.2202551324244551
287,0.22025513242448463
288,0.22025513242448463
289,0.22025513242448463
290,0.22025513242448863
291,0.22025513242448863
292,0.22025513242443837
293,0.22025513242443837
294,0.22025513242443837
295,0.22025513242446246
296,0.22025513242446246
297,0.22025513242446246
298,0.2202551324244581
299,0.2202551324244581
300,0.2202551324244581
301,0.2202551324244581
302,0.22025513242448497
303,0.22025513242448497
304,0.22025513242448497
305,0.22025513242446462
306,0.22025513242446462
307,0.22025513242446462
308,0.2202551324245104
309,0.2202551324245104
310,0.2202551324245104
311,0.22025513242452255
312,0.22025513242452255
313,0.22025513242452255
314,0.22025513242449118
315,0.22025513242449118
316,0.22025513242449118
317,0.22025513242451752
318,0.22025513242451752
319,0.22025513242451752
320,0.22025513242448524
321,0.22025513242448524
322,0.22025513242448524
323,0.22025513242452385
324,0.22025513242452385
325,0.22025513242452385
326,0.22025513242448033
327,0.22025513242448033
328,0.22025513242448033
329,0.22025513242446498
330,0.22025513242446498
331,0.22025513242446498
332,0.22025513242446498
333,0.22025513242452419
334,0.22025513242452419
335,0.22025513242452419
336,0.22025513242452419
337,0.22025513242445688
338,0.22025513242445688
339,0.22025513242445688
340,0.22025513242445688
341,0.22025513242443398
342,0.22025513242443398
343,0.22025513242443398
344,0.22025513242443398
345,0.22025513242451705
346,0.22025513242451705
347,0.22025513242451705
348,0.22025513242451705
349,0.2202551324245074
350,0.2202551324245074
351,0.2202551324245074
352,0.2202551324245074
353,0.22025513242455477
354,0.22025513242455477
355,0.22025513242455477
356,0.22025513242455477
357,0.22025513242446063
358,0.22025513242446063
359,0.22025513242446063
360,0.22025513242446063
361,0.22025513242445086
362,0.22025513242445086
363,0.22025513242445086
364,0.22025513242445086
365,0.22025513242448086
366,0.22025513242448086
367,0.22025513242448086
368,0.22025513242448086
369,0.22025513242448777
370,0.22025513242448777
371,0.22025513242448777
372,0.22025513242448777
373,0.22025513242448777
374,0.22025513242448239
375,0.22025513242448239
376,0.22025513242448239
377,0.22025513242448239
378,0.22025513242448239
379,0.22025513242447983
380,0.22025513242447983
381,0.22025513242447983
382,0.22025513242447983
383,0.22025513242447983
384,0.2202551324244668
385,0.2202551324244668
386,0.2202551324244668
387,0.2202551324244668
388,0.2202551324244668
389,0.22025513242452624
390,0.22025513242452624
391,0.22025513242452624
392,0.22025513242452624
393,0.43643352294441856
394,0.22025513242445582
395,0.22025513242445582
396,0.22025513242445582
397,0.22025513242445582
398,0.22025513242445582
399,0.2202551324245008
400,0.2202551324245008
401,0.2202551324245008
402,0.2202551324245008
403,0.2202551324245008
404,0.2202551324245104
405,0.2202551324245104
406,0.2202551324245104
407,0.2202551324245104
408,0.2202551324245104
409,0.2202551324244794
410,0.2202551324244794
411,0.2202551324244794
412,0.2202551324244794
413,0.2202551324244794
414,0.22025513242445421
415,0.22025513242445421
416,0.22025513242445421
417,0.22025513242445421
418,0.43643352294437626
419,0.22025513242455805
420,0.22025513242455805
421,0.22025513242455805
422,0.22025513242455805
423,0.22025513242455805
424,0.22025513242447767
425,0.22025513242447767
426,0.22025513242447767
427,0.22025513242447767
428,0.22025513242447767
429,0.22025513242449157
430,0.22025513242449157
431,0.22025513242449157
432,0.22025513242449157
433,0.22025513242449157
434,0.2202551324245007
435,0.2202551324245007
436,0.2202551324245007
437,0.2202551324245007
438,0.2202551324245007
439,0.220255132424452
440,0.220255132424452
441,0.220255132424452
442,0.220255132424452
443,0.22025513242452158
444,0.22025513242452158
445,0.22025513242452158
446,0.22025513242452158
447,0.22025513242444025
448,0.22025513242444025
449,0.22025513242444025
450,0.22025513242444025
451,0.2202551324244571
452,0.2202551324244571
453,0.2202551324244571
454,0.2202551324244571
455,0.2202551324244752
456,0.2202551324244752
457,0.2202551324244752
458,0.2202551324244752
459,0.22025513242450953
460,0.22025513242450953
461,0.22025513242450953
462,0.22025513242450953
463,0.22025513242448197
464,0.22025513242448197
465,0.22025513242448197
466,0.22025513242448197
467,0.2202551324245103
468,0.2202551324245103
469,0.2202551324245103
470,0.2202551324245103
471,0.2202551324244529
472,0.2202551324244529
473,0.2202551324244529
474,0.2202551324244529
475,0.22025513242447534
476,0.22025513242447534
477,0.22025513242447534
478,0.22025513242447534
479,0.22025513242453004
480,0.22025513242453004
481,0.22025513242453004
482,0.22025513242453004
483,0.22025513242447042
484,0.22025513242447042
485,0.22025513242447042
486,0.22025513242448624
487,0.22025513242448624
488,0.22025513242448624
489,0.22025513242447448
490,0.22025513242447448
491,0.22025513242447448
492,0.2202551324244807
493,0.2202551324244807
494,0.2202551324244807
495,0.22025513242453756
496,0.22025513242453756
497,0.22025513242453756
498,0.22025513242445494
499,0.22025513242445494
500,0.22025513242445494
501,0.22025513242446673
502,0.22025513242446673
503,0.22025513242446673
504,0.2202551324244837
505,0.2202551324244837
506,0.2202551324244837
507,0.2202551324244837
508,0.2202551324244307
509,0.2202551324244307
510,0.2202551324244307
511,0.2202551324244307
512,0.22025513242448716
513,0.22025513242448716
514,0.22025513242448716
515,0.22025513242448716
516,0.22025513242446917
517,0.22025513242446917
518,0.22025513242446917
519,0.4364335229443981
520,0.22025513242451356
521,0.22025513242451356
522,0.2202551324244581
523,0.2202551324244581
524,0.2202551324244581
525,0.22025513242456768
526,0.22025513242456768
527,0.22025513242456768
528,0.22025513242450023
529,0.22025513242450023
530,0.22025513242450023
531,0.22025513242446393
532,0.22025513242446393
533,0.22025513242446393
534,0.22025513242444902
535,0.22025513242444902
536,0.22025513242444902
537,0.22025513242444036
538,0.22025513242444036
539,0.22025513242444036
540,0.22025513242444036
541,0.22025513242444217
542,0.22025513242444217
543,0.22025513242444217
544,0.22025513242444217
545,0.2202551324245083
546,0.2202551324245083
547,0.2202551324245083
548,0.2202551324245083
549,0.22025513242446387
550,0.22025513242446387
551,0.22025513242446387
552,0.22025513242448125
553,0.22025513242448125
554,0.22025513242448125
555,0.22025513242449674
556,0.22025513242449674
557,0.22025513242449674
558,0.22025513242452613
559,0.22025513242452613
560,0.22025513242452613
561,0.22025513242442923
562,0.22025513242442923
563,0.22025513242442923
564,0.2202551324245178
565,0.2202551324245178
566,0.2202551324245178
567,0.22025513242445488
568,0.22025513242445488
569,0.22025513242445488
570,0.22025513242445371
571,0.22025513242445371
572,0.22025513242445371
573,0.20086568436780622
574,0.6025970531033598
575,0.20086568436785143
576,0.2008656843677632
577,0.20086568436787183
578,0.20086568436780583
579,0.2008656843676915
580,0.2008656843678732
581,0.20086568436780386
582,0.2008656843678301
583,0.20086568436772262
584,0.20086568436784244
585,0.20086568436780147
586,0.200865684367838
587,0.20086568436781627
588,0.20086568436779093
589,0.2008656843677708
590,0.20086568436779065
591,0.2008656843677445
592,0.2008656843677426
593,0.20086568436781277
594,0.2008656843677441
595,0.2008656843677955
596,0.20086568436779068
597,0.20086568436778668
598,0.20086568436777844
599,0.20086568436784585
600,0.20086568436779667
601,0.20086568436786603
602,0.2008656843678015
603,0.20086568436780922
604,0.40173136873553245
605,0.20086568436773922
606,0.20086568436784197
607,0.6025970531033167
608,0.20086568436778512
609,0.2008656843678352
610,0.20086568436773874
611,0.20086568436780583
612,0.20086568436786414
613,0.20086568436787083
614,0.20086568436772742
615,0.2008656843678131
616,0.20086568436776658
617,0.20086568436777938
618,0.2008656843677574
619,0.20086568436772292
620,0.20086568436784866
621,0.20086568436777455
622,0.20086568436780422
623,0.20086568436776797
624,0.20086568436773733
625,0.20086568436783228
626,0.6025970531033167
627,0.2008656843677016
628,0.2008656843678194
629,0.2008656843677991
630,0.2008656843677991
631,0.20086568436787858
632,0.20086568436787858
633,0.20086568436777297
634,0.20086568436777297
635,0.20086568436782515
636,0.20086568436782515
637,0.20086568436785465
638,0.20086568436785465
639,0.20086568436780533
640,0.20086568436780533
641,0.20086568436783672
642,0.20086568436783672
643,0.20086568436769264
644,0.20086568436769264
645,0.200865684367723
646,0.200865684367723
647,0.20086568436777621
648,0.20086568436777621
649,0.2008656843677914
650,0.2008656843677914
651,0.20086568436783692
652,0.20086568436783692
653,0.2008656843678244
654,0.2008656843678244
655,0.2008656843678244
656,0.20086568436778526
657,0.20086568436778526
658,0.20086568436778526
659,0.40173136873556187
660,0.20086568436778965
661,0.20086568436778965
662,0.40173136873556187
663,0.20086568436779773
664,0.20086568436779773
665,0.20086568436779773
666,0.20086568436779773
667,0.20086568436779773
668,0.20086568436774574
669,0.20086568436774574
670,0.20086568436774574
671,0.20086568436781985
672,0.20086568436781985
673,0.40173136873558357
674,0.20086568436774957
675,0.20086568436774957
676,0.20086568436774957
677,0.20086568436774818
678,0.20086568436774818
679,0.20086568436774818
680,0.8034627374711414
681,0.20086568436777744
682,0.8034627374711414
683,0.20086568436782976
684,0.20086568436782976
685,0.20086568436782976
686,0.20086568436775315
687,0.20086568436775315
688,0.20086568436775315
689,0.20086568436782615
690,0.20086568436782615
691,0.20086568436782615
692,0.20086568436782615
693,0.20086568436774963
694,0.20086568436774963
695,0.20086568436774963
696,0.20086568436774963
697,0.20086568436780944
698,0.20086568436780944
699,0.20086568436780944
700,0.20086568436780944
701,0.20086568436782884
702,0.20086568436782884
703,0.20086568436782884
704,0.20086568436782884
705,0.20086568436775298
706,0.20086568436775298
707,0.20086568436775298
708,0.20086568436775298
709,0.20086568436769178
710,0.20086568436769178
711,0.20086568436769178
712,0.20086568436769178
713,0.20086568436784175
714,0.20086568436784175
715,0.20086568436784175
716,0.6025970531033745
717,0.20086568436769914
718,0.20086568436769914
719,0.20086568436769914
720,1.3084897225330148
721,0.2008656843677401
722,0.2008656843677401
723,0.2008656843677401
724,0.401731368735541
725,0.2008656843677499
726,0.2008656843677499
727,0.2008656843677499
728,0.2008656843677499
729,0.20086568436774582
730,0.20086568436774582
731,0.20086568436774582
732,0.20086568436774582
733,0.20086568436786917
734,0.20086568436786917
735,0.20086568436786917
736,0.20086568436786917
737,0.20086568436786917
738,0.20086568436778232
739,0.20086568436778232
740,0.20086568436778232
741,0.20086568436778232
742,0.20086568436778232
743,0.20086568436781269
744,0.20086568436781269
745,0.20086568436781269
746,0.20086568436781269
747,0.20086568436781269
748,0.2008656843679036
749,0.2008656843679036
750,0.2008656843679036
751,0.2008656843679036
752,0.2008656843679036
753,0.2008656843677828
754,0.2008656843677828
755,0.2008656843677828
756,0.2008656843677828
757,0.4017313687355656
758,0.20086568436773003
759,0.20086568436773003
760,0.20086568436773003
761,0.8034627374711465
762,0.8034627374711465
763,0.20086568436779526
764,0.20086568436779526
765,0.20086568436779526
766,0.4017313687355726
767,0.4017313687355726
768,0.20086568436779864
769,0.20086568436779864
770,0.20086568436779864
771,0.20086568436779864
772,0.20086568436779864
773,0.20086568436774113
774,0.20086568436774113
775,0.20086568436774113
776,0.20086568436774113
777,0.20086568436774113
778,0.20086568436782476
779,0.20086568436782476
780,0.20086568436782476
781,0.20086568436782476
782,0.40173136873557724
783,0.20086568436772378
784,0.20086568436772378
785,0.20086568436772378
786,0.20086568436772378
787,0.8621597080830496
788,0.20086568436778382
789,0.20086568436778382
790,0.20086568436778382
791,0.20086568436778382
792,0.20086568436778382
793,0.20086568436774171
794,0.20086568436774171
795,0.20086568436774171
796,0.20086568436774171
797,0.20086568436774171
798,0.200865684367752
799,0.200865684367752
800,0.200865684367752
801,0.200865684367752
802,0.20086568436773447
803,0.20086568436773447
804,0.20086568436773447
805,0.803462737471141
806,0.2008656843677971
807,0.2008656843677971
808,0.2008656843677971
809,0.8034627374711467
810,0.20086568436785704
811,0.20086568436785704
812,0.20086568436785704
813,1.6012917798225295
814,0.20086568436777957
815,0.20086568436777957
816,0.20086568436777957
817,0.20086568436777957
818,0.2008656843677777
819,0.2008656843677777
820,0.2008656843677777
821,0.4017313687355535
822,0.2008656843677283
823,0.2008656843677283
824,0.2008656843677283
825,0.4017313687355362
826,0.2008656843677614
827,0.2008656843677614
828,0.2008656843677614
829,0.2008656843677614
830,0.2008656843677975
831,0.2008656843677975
832,0.2008656843677975
833,0.2008656843677975
834,0.20086568436781607
835,0.20086568436781607
836,0.8034627374711382
837,0.8034627374711382
838,0.20086568436778726
839,0.20086568436778726
840,0.20086568436778726
841,0.20086568436778726
842,0.20086568436775104
843,0.20086568436775104
844,0.8034627374711469
845,0.20086568436786242
846,0.20086568436786242
847,0.20086568436786242
848,0.20086568436785704
849,0.20086568436785704
850,0.20086568436785704
851,0.20086568436774838
852,0.803462737471129
853,0.9814836957952434
854,0.803462737471129
855,0.9814836957952434
856,0.20086568436775085
857,0.20086568436775085
858,0.20086568436775085
859,0.20086568436774302
860,0.20086568436774302
861,0.20086568436774302
862,0.2008656843677404
863,0.2008656843677404
864,0.2008656843677404
865,0.2008656843677404
866,0.20086568436771224
867,0.20086568436771224
868,0.40173136873550236
869,0.2008656843677653
870,0.2008656843677653
871,0.6025970531033221
872,0.2008656843677905
873,0.2008656843677905
874,0.2008656843677905
875,0.200865684367742
876,0.200865684367742
877,0.200865684367742
878,0.20086568436775357
879,0.20086568436775357
880,0.20086568436782504
881,0.20086568436782504
882,0.20086568436781535
883,1.003871374502537
884,0.20086568436781535
885,0.20086568436782115
886,0.20086568436782115
887,0.20086568436779623
888,0.20086568436779623
889,0.20086568436779623
890,0.20086568436777433
891,0.6025970531033287
892,0.20086568436777433
893,0.20086568436778932
894,0.6025970531033322
895,0.2008656843677832
896,0.40173136873556614
897,0.8034627374711275
898,0.8034627374711275
899,0.20086568436774987
900,0.8034627374711504
901,0.20086568436773933
902,0.6025970531033346
903,0.2008656843678125
904,0.6025970531033418
905,0.17981851149211736
906,0.1798185114921169
907,0.1798185114921676
908,0.1798185114921189
909,0.1798185114921708
910,0.17981851149204767
911,0.17981851149217945
912,0.1798185114920934
913,0.35963702298420475
914,0.17981851149210826
915,0.17981851149205688
916,0.17981851149209624
917,0.17981851149207317
918,0.17981851149199526
919,0.1798185114921648
920,0.3596370229842162
921,0.35963702298415445
922,0.17981851149208156
923,0.17981851149213687
924,0.17981851149211836
925,0.35963702298415395
926,0.359637022984187
927,0.179818511492137
928,0.17981851149213712
929,0.7192740459683848
930,0.17981851149214978
931,0.17981851149211897
932,0.17981851149204606
933,0.17981851149204633
934,0.17981851149214545
935,0.35963702298417977
936,0.17981851149210373
937,0.17981851149209804
938,0.17981851149210937
939,0.17981851149209743
940,0.1798185114921872
941,0.17981851149211212
942,0.3596370229842338
943,0.17981851149213496
944,0.17981851149210756
945,0.17981851149206143
946,0.17981851149214406
947,0.17981851149211164
948,0.17981851149209951
949,0.1798185114920916
950,0.17981851149207
951,0.17981851149214512
952,0.17981851149205555
953,0.3596370229841774
954,0.17981851149207928
955,0.1798185114921511
956,0.17981851149213957
957,0.17981851149211311
958,0.17981851149205103
959,0.1798185114920571
960,0.17981851149212033
961,0.17981851149207106
962,0.17981851149213307
963,0.35963702298416245
964,0.7192740459683528
965,0.17981851149206857
966,0.17981851149209457
967,0.17981851149209457
968,0.17981851149209552
969,0.17981851149209552
970,0.17981851149209274
971,0.17981851149209274
972,0.17981851149213426
973,0.17981851149213426
974,0.1798185114920778
975,0.1798185114920778
976,0.1798185114920778
977,0.1798185114921185
978,0.1798185114921185
979,0.1798185114921185
980,0.17981851149207492
981,0.17981851149207492
982,0.17981851149207492
983,0.1798185114920338
984,0.1798185114920338
985,0.3596370229841427
986,0.17981851149213657
987,0.17981851149213657
988,0.17981851149213657
989,0.17981851149200398
990,0.17981851149200398
991,0.17981851149200398
992,0.17981851149205796
993,0.17981851149205796
994,0.17981851149205796
995,0.17981851149206105
996,0.17981851149206105
997,0.17981851149206105
998,0.17981851149206105
999,0.1798185114921053
1000,0.1798185114921053
1001,0.1798185114921053
1002,0.1798185114921053
1003,0.1798185114920864
1004,0.1798185114920864
1005,0.1798185114920864
1006,0.1798185114920864
1007,0.17981851149212777
1008,0.17981851149212777
1009,0.17981851149212777
1010,0.35963702298415384
1011,0.35963702298415384
1012,0.17981851149205744
1013,0.17981851149214753
1014,0.17981851149214753
1015,0.17981851149214753
1016,0.17981851149208697
1017,0.17981851149208697
1018,0.17981851149208697
1019,0.35963702298420586
1020,0.35963702298420586
1021,0.35963702298420586
1022,0.3596370229842005
1023,0.3596370229842005
1024,0.17981851149210965
1025,0.17981851149204459
1026,0.17981851149204459
1027,0.17981851149204459
1028,0.35963702298415723
1029,0.1798185114920516
1030,0.1798185114920516
1031,0.1798185114921252
1032,0.1798185114921252
1033,0.1798185114921252
1034,0.17981851149213704
1035,0.17981851149213704
1036,0.17981851149213704
1037,0.359637022984162
1038,0.359637022984162
1039,0.17981851149205832
1040,0.17981851149205832
1041,0.3596370229841605
1042,0.1798185114920654
1043,0.1798185114920654
1044,0.1798185114920654
1045,0.1798185114920612
1046,0.1798185114920612
1047,0.1798185114920612
1048,0.17981851149210595
1049,0.17981851149210595
1050,0.17981851149210595
1051,0.1737743226289327
1052,0.1737743226289676
1053,0.1737743226289121
1054,0.1737743226289458
1055,0.17377432262906342
1056,0.17377432262887466
1057,0.17377432262899653
1058,0.173774322628974
1059,0.173774322628943
1060,0.17377432262899972
1061,0.1737743226289103
1062,0.17377432262893613
1063,0.17377432262898615
1064,0.1737743226289478
1065,0.17377432262894207
1066,0.17377432262907816
1067,0.17377432262897388
1068,0.17377432262892561
1069,0.1737743226288749
1070,0.17377432262894527
1071,0.173774322628879
1072,0.1737743226290161
1073,0.1737743226290404
1074,0.17377432262898837
1075,0.17377432262896897
1076,0.17377432262890313
1077,0.17377432262908785
1078,0.17377432262901235
1079,0.17377432262895776
1080,0.1737743226290204
1081,0.17377432262896997
1082,0.17377432262904188
1083,0.1737743226289399
1084,0.17377432262904746
1085,0.1737743226289754
1086,0.17377432262890455
1087,0.17377432262887585
1088,0.1737743226290054
1089,0.1737743226289738
1090,0.17377432262891243
1091,0.35204678494526576
1092,0.17377432262898768
1093,0.17377432262898265
1094,0.17377432262902592
1095,0.1737743226289499
1096,0.3520467849452076
1097,0.1737743226290277
1098,0.17377432262891837
1099,0.17377432262886744
1100,0.17377432262898473
1101,0.17377432262898135
1102,0.17377432262892475
1103,0.17377432262902123
1104,0.17377432262889975
1105,0.17377432262889975
1106,0.17377432262898
1107,0.17377432262898
1108,0.17377432262903436
1109,0.17377432262903436
1110,0.17377432262899914
1111,0.17377432262899914
1112,0.1737743226290427
1113,0.1737743226290427
1114,0.17377432262897707
1115,0.17377432262897707
1116,0.1737743226290332
1117,0.1737743226290332
1118,0.17377432262899095
1119,0.17377432262899095
1120,0.35204678494531516
1121,0.17377432262899983
1122,0.17377432262899442
1123,0.17377432262899442
1124,0.17377432262899442
1125,0.17377432262897238
1126,0.17377432262897238
1127,0.17377432262897238
1128,0.17377432262893547
1129,0.17377432262893547
1130,0.17377432262893547
1131,0.17377432262890274
1132,0.17377432262890274
1133,0.17377432262890274
1134,0.17377432262890274
1135,0.35204678494532005
1136,0.35204678494532005
1137,0.35204678494532005
1138,0.17377432262899248
1139,0.17377432262889614
1140,0.17377432262889614
1141,0.17377432262889614
1142,0.17377432262889614
1143,0.1737743226289723
1144,0.1737743226289723
1145,0.1737743226289723
1146,0.17377432262902653
1147,0.17377432262902653
1148,0.17377432262902653
1149,0.17377432262896952
1150,0.17377432262896952
1151,0.17377432262896952
1152,0.173774322628881
1153,0.173774322628881
1154,0.173774322628881
1155,0.17377432262908823
1156,0.17377432262908823
1157,0.17377432262908823
1158,0.17377432262884754
1159,0.17377432262884754
1160,0.17377432262884754
1161,0.17377432262893738
1162,0.17377432262893738
1163,0.17377432262893738
1164,0.17377432262897602
1165,0.17377432262897602
1166,0.17377432262897602
1167,0.17377432262896883
1168,0.17377432262896883
1169,0.17377432262896883
1170,0.3520467849452802
1171,0.3520467849452802
1172,0.3520467849452802
1173,0.17377432262896333
1174,0.17377432262888948
1175,0.17377432262888948
1176,0.17377432262888948
1177,0.17377432262888948
1178,0.17377432262902154
1179,0.17377432262902154
1180,0.17377432262902154
1181,0.17377432262902154
1182,0.173774322628897
1183,0.173774322628897
1184,0.173774322628897
1185,0.173774322628897
1186,0.17377432262901335
1187,0.17377432262901335
1188,0.17377432262901335
1189,0.17377432262901335
1190,0.17377432262900666
1191,0.17377432262900666
1192,0.17377432262900666
1193,0.17377432262900666
1194,0.1737743226290227
1195,0.1737743226290227
1196,0.1737743226290227
1197,0.1737743226290227
1198,0.17377432262903583
1199,0.17377432262903583
1200,0.17377432262903583
1201,0.17377432262903583
1202,0.17377432262900375
1203,0.17377432262900375
1204,0.17377432262900375
1205,0.17377432262900375
1206,0.17377432262903258
1207,0.17377432262903258
1208,0.17377432262903258
1209,0.17377432262903258
1210,0.17377432262894169
1211,0.17377432262894169
1212,0.17377432262894169
1213,0.17377432262894169
1214,0.17377432262892087
1215,0.17377432262892087
1216,0.17377432262892087
1217,0.17377432262892087
1218,0.17377432262899364
1219,0.17377432262899364
1220,0.17377432262899364
1221,0.17377432262899364
1222,0.17377432262899364
1223,0.17377432262901993
1224,0.17377432262901993
1225,0.17377432262901993
1226,0.17377432262901993
1227,0.17377432262901993
1228,0.17377432262894846
1229,0.17377432262894846
1230,0.17377432262894846
1231,0.17377432262894846
1232,0.17377432262894846
1233,0.1737743226289872
1234,0.1737743226289872
1235,0.1737743226289872
1236,0.1737743226289872
1237,0.1737743226289872
1238,0.17377432262898931
1239,0.17377432262898931
1240,0.17377432262898931
1241,0.17377432262898931
1242,0.17377432262898931
1243,0.1737743226289637
1244,0.1737743226289637
1245,0.1737743226289637
1246,0.1737743226289637
1247,0.1737743226289637
1248,0.1737743226289762
1249,0.1737743226289762
1250,0.1737743226289762
1251,0.1737743226289762
1252,0.1737743226289762
1253,0.17377432262894058
1254,0.17377432262894058
1255,0.17377432262894058
1256,0.17377432262894058
1257,0.17377432262894058
1258,0.1737743226289814
1259,0.1737743226289814
1260,0.1737743226289814
1261,0.1737743226289814
1262,0.1737743226289814
1263,0.35204678494529895
1264,0.17377432262897727
1265,0.17377432262897727
1266,0.17377432262897727
1267,0.17377432262897727
1268,0.17377432262904263
1269,0.17377432262904263
1270,0.17377432262904263
1271,0.17377432262904263
1272,0.17377432262904263
1273,0.17377432262898476
1274,0.17377432262898476
1275,0.17377432262898476
1276,0.17377432262898476
1277,0.17377432262898476
1278,0.1737743226289805
1279,0.1737743226289805
1280,0.1737743226289805
1281,0.1737743226289805
1282,0.1737743226289805
1283,0.17377432262891757
1284,0.17377432262891757
1285,0.17377432262891757
1286,0.17377432262891757
1287,0.1737743226289227
1288,0.1737743226289227
1289,0.1737743226289227
1290,0.1737743226289227
1291,0.1737743226289654
1292,0.1737743226289654
1293,0.1737743226289654
1294,0.1737743226289654
1295,0.17377432262890152
1296,0.17377432262890152
1297,0.17377432262890152
1298,0.17377432262890152
1299,0.17377432262891485
1300,0.17377432262891485
1301,0.17377432262891485
1302,0.17377432262891485
1303,0.17377432262896408
1304,0.17377432262896408
1305,0.17377432262896408
1306,0.17377432262896408
1307,0.17377432262899328
1308,0.17377432262899328
1309,0.17377432262899328
1310,0.17377432262899328
1311,0.17377432262889592
1312,0.17377432262889592
1313,0.17377432262889592
1314,0.17377432262889592
1315,0.17377432262896533
1316,0.17377432262896533
1317,0.17377432262896533
1318,0.17377432262896533
1319,0.17377432262901588
1320,0.17377432262901588
1321,0.17377432262901588
1322,0.17377432262901588
1323,0.1737743226289846
1324,0.1737743226289846
1325,0.1737743226289846
1326,0.1737743226289846
1327,0.17377432262898013
1328,0.17377432262898013
1329,0.17377432262898013
1330,0.17377432262898013
1331,0.1737743226290286
1332,0.1737743226290286
1333,0.1737743226290286
1334,0.08279428426276637
1335,0.08279428426272953
1336,0.08279428426273625
1337,0.08279428426278752
1338,0.08279428426269292
1339,0.0827942842628131
1340,0.0827942842628131
1341,0.0827942842627253
1342,0.0827942842627253
1343,0.08279428426269733
1344,0.08279428426269733
1345,0.08279428426268713
1346,0.08279428426268713
1347,0.08279428426280185
1348,0.08279428426280185
1349,0.08279428426279772
1350,0.08279428426279772
1351,0.08279428426279317
1352,0.08279428426279317
1353,0.08279428426279317
1354,0.08279428426270512
1355,0.08279428426270512
1356,0.08279428426270512
1357,0.08279428426280062
1358,0.08279428426280062
1359,0.08279428426278738
1360,0.08279428426278738
1361,0.08279428426278738
1362,0.08279428426265749
1363,0.08279428426265749
1364,0.08279428426265749
1365,0.08279428426265749
1366,0.0827942842627132
1367,0.0827942842627132
1368,0.0827942842627132
1369,0.08279428426266207
1370,0.08279428426266207
1371,0.08279428426266207
1372,0.08279428426278747
1373,0.08279428426278747
1374,0.08279428426278747
1375,0.0827942842628203
1376,0.0827942842628203
1377,0.0827942842628203
1378,0.08279428426270773
1379,0.08279428426270773
1380,0.08279428426270773
1381,0.08279428426279196
1382,0.08279428426279196
1383,0.08279428426279196
1384,0.08279428426275172
1385,0.08279428426275172
1386,0.08279428426275172
1387,0.08279428426279077
1388,0.08279428426279077
1389,0.08279428426279077
1390,0.0827942842627422
1391,0.0827942842627422
1392,0.0827942842627422
1393,0.08279428426267918
1394,0.08279428426267918
1395,0.08279428426267918
1396,0.08279428426267918
1397,0.0827942842627637
1398,0.0827942842627637
1399,0.0827942842627637
1400,0.0827942842627637
1401,0.08279428426280136
1402,0.08279428426280136
1403,0.08279428426280136
1404,0.08279428426280136
1405,0.08279428426277523
1406,0.08279428426277523
1407,0.08279428426277523
1408,0.08279428426277523
1409,0.0827942842627415
1410,0.0827942842627415
1411,0.0827942842627415
1412,0.0827942842627415
1413,0.08279428426274849
1414,0.08279428426274849
1415,0.08279428426274849
1416,0.08279428426274849
1417,0.08279428426274647
1418,0.08279428426274647
1419,0.08279428426274647
1420,0.08279428426274647
1421,0.08279428426282359
1422,0.08279428426282359
1423,0.08279428426282359
1424,0.08279428426282359
1425,0.08279428426270694
1426,0.08279428426270694
1427,0.08279428426270694
1428,0.08279428426270694
1429,0.082794284262701
1430,0.082794284262701
1431,0.082794284262701
1432,0.082794284262701
1433,0.08279428426272971
1434,0.08279428426272971
1435,0.08279428426272971
1436,0.08279428426272971
1437,0.08279428426272971
1438,0.08279428426268594
1439,0.08279428426268594
1440,0.08279428426268594
1441,0.08279428426268594
1442,0.08279428426268594
1443,0.08279428426269579
1444,0.08279428426269579
1445,0.08279428426269579
1446,0.08279428426269579
1447,0.08279428426269579
1448,0.08279428426267486
1449,0.08279428426267486
1450,0.08279428426267486
1451,0.08279428426267486
1452,0.08279428426267486
1453,0.08279428426280343
1454,0.08279428426280343
1455,0.08279428426280343
1456,0.08279428426280343
1457,0.08279428426280343
1458,0.08279428426274281
1459,0.08279428426274281
1460,0.08279428426274281
1461,0.08279428426274281
1462,0.08279428426274281
1463,0.08279428426279171
1464,0.08279428426279171
1465,0.08279428426279171
1466,0.08279428426279171
1467,0.08279428426279171
1468,0.08279428426270567
1469,0.08279428426270567
1470,0.08279428426270567
1471,0.08279428426270567
1472,0.08279428426270567
1473,0.0827942842627533
1474,0.0827942842627533
1475,0.0827942842627533
1476,0.0827942842627533
1477,0.0827942842627533
1478,0.08279428426278009
1479,0.08279428426278009
1480,0.08279428426278009
1481,0.08279428426278009
1482,0.08279428426278009
1483,0.08279428426272667
1484,0.08279428426272667
1485,0.08279428426272667
1486,0.08279428426272667
1487,0.08279428426272667
1488,0.08279428426273047
1489,0.08279428426273047
1490,0.08279428426273047
1491,0.08279428426273047
1492,0.08279428426273047
1493,0.0827942842627753
1494,0.0827942842627753
1495,0.0827942842627753
1496,0.0827942842627753
1497,0.0827942842627815
1498,0.0827942842627815
1499,0.0827942842627815
1500,0.0827942842627815
1501,0.08279428426283883
1502,0.08279428426283883
1503,0.08279428426283883
1504,0.08279428426283883
1505,0.08279428426278687
1506,0.08279428426278687
1507,0.08279428426278687
1508,0.08279428426278687
1509,0.08279428426274735
1510,0.08279428426274735
1511,0.08279428426274735
1512,0.08279428426274735
1513,0.08279428426275004
1514,0.08279428426275004
1515,0.08279428426275004
1516,0.08279428426275004
1517,0.08279428426272406
1518,0.08279428426272406
1519,0.08279428426272406
1520,0.08279428426272406
1521,0.08279428426271095
1522,0.08279428426271095
1523,0.08279428426271095
1524,0.08279428426271095
1525,0.08279428426278862
1526,0.08279428426278862
1527,0.08279428426278862
1528,0.08279428426278862
1529,0.08279428426278104
1530,0.08279428426278104
1531,0.08279428426278104
1532,0.08279428426278104
1533,0.08279428426275066
1534,0.08279428426275066
1535,0.08279428426275066
1536,0.08279428426274572
1537,0.08279428426274572
1538,0.08279428426274572
1539,0.08279428426282097
1540,0.08279428426282097
1541,0.08279428426282097
1542,0.08279428426268023
1543,0.08279428426268023
1544,0.08279428426268023
1545,0.08279428426284224
1546,0.08279428426284224
1547,0.08279428426284224
1548,0.08279428426282424
1549,0.08279428426282424
1550,0.08279428426282424
1551,0.0827942842627258
1552,0.0827942842627258
1553,0.0827942842627258
1554,0.08279428426280079
1555,0.08279428426280079
1556,0.08279428426280079
1557,0.08279428426280079
1558,0.08279428426269168
1559,0.08279428426269168
1560,0.08279428426269168
1561,0.08279428426269168
1562,0.0827942842627089
1563,0.0827942842627089
1564,0.0827942842627089
1565,0.0827942842627089
1566,0.08279428426271247
1567,0.08279428426271247
1568,0.08279428426271247
1569,0.08279428426276005
1570,0.08279428426276005
1571,0.08279428426276005
1572,0.08279428426273797
1573,0.08279428426273797
1574,0.08279428426273797
1575,0.08279428426268536
1576,0.08279428426268536
1577,0.08279428426268536
1578,0.08279428426268085
1579,0.08279428426268085
1580,0.08279428426268085
1581,0.08279428426272736
1582,0.08279428426272736
1583,0.08279428426272736
1584,0.082794284262799
1585,0.082794284262799
1586,0.082794284262799
1587,0.08279428426269468
1588,0.08279428426269468
1589,0.08279428426269468
1590,0.08279428426270215
1591,0.08279428426270215
1592,0.08279428426270215
1593,0.0827942842627188
1594,0.0827942842627188
1595,0.08279428426277556
1596,0.08279428426277556
1597,0.08279428426268344
1598,0.08279428426268344
1599,0.08279428426276883
1600,0.08279428426276883
1601,0.08279428426275949
1602,0.08279428426275949
1603,0.08279428426282966
1604,0.08279428426282966
1605,0.08279428426282966
1606,0.08279428426270469
1607,0.08279428426270469
1608,0.08279428426270469
1609,0.08279428426278175
1610,0.08279428426278175
1611,0.08279428426278175
1612,0.08279428426274214
1613,0.08279428426274214
1614,0.08279428426274214
1615,0.08279428426275748
1616,0.08279428426275748
1617,0.08279428426275748
1618,0.08279428426277241
1619,0.08279428426277241
1620,0.08279428426286127
1621,0.08279428426286127
1622,0.08279428426270889
1623,0.08279428426270889
1624,0.08279428426269557
1625,0.08279428426269557
1626,0.08279428426271561
1627,0.08279428426271561
1628,0.08279428426270853
1629,0.08279428426270853
1630,0.08279428426272423
1631,0.08279428426272423
1632,0.08279428426275613
1633,0.08279428426275613
1634,0.08279428426278794
1635,0.08279428426278794
1636,0.08279428426282234
1637,0.08279428426282234
1638,0.08279428426281382
1639,0.08279428426281382
1640,0.08279428426274793
1641,0.08279428426274793
1642,0.08279428426281539
1643,0.08279428426281539
1644,0.08279428426278353
1645,0.08279428426278353
1646,0.08279428426271215
1647,0.08279428426271215
1648,0.08279428426270094
1649,0.08279428426270094
1650,0.08279428426270159
1651,0.08279428426270159
1652,0.08279428426278641
1653,0.08279428426278641
1654,0.08279428426280595
1655,0.08279428426280595
1656,0.08279428426269907
1657,0.08279428426269907
1658,0.08279428426266727
1659,0.08279428426266727
1660,0.08279428426269038
1661,0.08279428426269038
1662,0.08279428426278843
1663,0.08279428426278843
1664,0.08279428426274589
1665,0.08279428426274589
1666,0.05582030568493079
1667,0.05582030568505034
1668,0.05582030568503641
1669,0.05582030568501479
1670,0.055820305684975764
1671,0.055820305684975764
1672,0.05582030568499838
1673,0.05582030568499838
1674,0.05582030568499781
1675,0.05582030568499781
1676,0.05582030568494561
1677,0.05582030568494561
1678,0.05582030568507748
1679,0.05582030568507748
1680,0.05582030568507551
1681,0.05582030568507551
1682,0.05582030568494531
1683,0.05582030568494531
1684,0.05582030568494531
1685,0.05582030568506241
1686,0.05582030568506241
1687,0.05582030568506241
1688,0.05582030568496841
1689,0.05582030568496841
1690,0.05582030568496841
1691,0.055820305684959416
1692,0.055820305684959416
1693,0.055820305684959416
1694,0.05582030568497927
1695,0.05582030568497927
1696,0.05582030568497927
1697,0.055820305684957064
1698,0.055820305684957064
1699,0.055820305684957064
1700,0.05582030568510435
1701,0.05582030568510435
1702,0.05582030568510435
1703,0.36372806299751254
1704,0.3637280629975432
1705,0.18186403149882616
1706,0.18186403149874222
1707,0.3637280629975011
1708,0.18186403149873934
1709,0.3637280629974461
1710,0.3637280629975149
1711,0.363728062997503
1712,0.18186403149879773
1713,0.36372806299749455
1714,0.18186403149870878
1715,0.1818640314987717
1716,0.1818640314987109
1717,0.3637280629974722
1718,0.36372806299750343
1719,0.36372806299749294
1720,0.3637280629975305
1721,0.3637280629974912
1722,0.18186403149873978
1723,0.5455920944962542
1724,0.18186403149883135
1725,0.36372806299752053
1726,0.36372806299745547
1727,0.1818640314987999
1728,0.7274561259949747
1729,0.20001856500401693
1730,0.2000185650040662
1731,0.20001856500398665
1732,0.20001856500403828
1733,0.2000185650041482
1734,0.20001856500405268
1735,0.20001856500401533
1736,0.20001856500409437
1737,0.20001856500404788
1738,0.20001856500398912
1739,0.20001856500409557
1740,0.4000371300081153
1741,0.20001856500413356
1742,0.4000371300080697
1743,0.40003713000802954
1744,0.600055695012152
1745,0.6000556950121742
1746,0.40003713000812424
1747,0.400037130008099
1748,0.8000742600161891
1749,0.2000185650040945
1750,0.4000371300080622
1751,0.20001856500407875
1752,0.20001856500407195
1753,0.20001856500399556
1754,0.20001856500399354
1755,0.20001856500400567
1756,0.4000371300080817
1757,0.20001856500409565
1758,0.20001856500402815
1759,0.20001856500404933
1760,0.20001856500400567
1761,0.20001856500409565
1762,0.2000185650040138
1763,0.20001856500404774
1764,0.20001856500405682
1765,0.200018565004061
1766,0.20001856500407159
1767,0.20001856500401888
1768,0.20001856500406529
1769,0.20001856500404996
1770,0.20001856500408322
1771,0.2000185650039941
1772,0.20001856500399587
1773,0.20001856500399784
1774,0.20001856500399745
1775,0.20001856500407947
1776,0.20001856500407542
1777,0.20001856500407542
1778,0.20001856500400378
1779,0.20001856500400378
1780,0.40003713000807356
1781,0.20001856500402124
1782,0.20001856500407036
1783,0.20001856500407036
1784,0.6000556950121013
1785,0.20001856500399917
1786,0.2000185650040741
1787,0.2000185650040741
1788,0.20001856500403842
1789,0.20001856500403842
1790,0.20001856500405898
1791,0.20001856500405898
1792,0.2000185650040491
1793,0.2000185650040491
1794,0.20001856500409881
1795,0.20001856500409881
1796,0.2000185650040095
1797,0.2000185650040095
1798,0.20001856500400728
1799,0.40003713000806007
1800,0.20001856500401774
1801,0.20001856500401774
1802,0.4000371300080605
1803,0.2000185650039981
1804,0.2000185650039981
1805,0.2000185650039981
1806,0.20001856500401033
1807,0.20001856500401033
1808,0.20001856500401033
1809,0.4000371300080825
1810,0.20001856500403042
1811,0.20001856500403042
1812,0.8000742600161962
1813,0.20001856500413473
1814,0.20001856500413473
1815,0.200018565004089
1816,0.200018565004089
1817,0.200018565004089
1818,0.2000185650039893
1819,0.2000185650039893
1820,0.2000185650039893
1821,0.2000185650040384
1822,0.2000185650040384
1823,0.2000185650040384
1824,0.2000185650040078
1825,0.2000185650040078
1826,0.2000185650040078
1827,0.20001856500406695
1828,0.20001856500406695
1829,0.20001856500406695
1830,0.20001856500397439
1831,0.20001856500397439
1832,0.20001856500397439
1833,0.20001856500402732
1834,0.20001856500402732
1835,0.20001856500402732
1836,0.20001856500402732
1837,0.20001856500413365
1838,0.20001856500413365
1839,0.20001856500413365
1840,0.40003713000815355
1841,0.2000185650040877
1842,0.2000185650040877
1843,0.2000185650040877
1844,0.20001856500400447
1845,0.20001856500400447
1846,0.20001856500400447
1847,0.20001856500403273
1848,0.20001856500403273
1849,0.20001856500403273
1850,0.20001856500398377
1851,0.20001856500398377
1852,0.20001856500398377
1853,0.40003713000811547
1854,0.20001856500407628
1855,0.20001856500407628
1856,0.20001856500406737
1857,0.20001856500406737
1858,0.20001856500406737
1859,0.20001856500401038
1860,0.20001856500401038
1861,0.20001856500401038
1862,0.20001856500404566
1863,0.20001856500404566
1864,0.20001856500404566
1865,0.20001856500408413
1866,0.20001856500408413
1867,0.20001856500408413
1868,0.20001856500407547
1869,0.20001856500407547
1870,0.20001856500407547
1871,0.20001856500407547
1872,0.20001856500400025
1873,0.20001856500400025
1874,0.20001856500400025
1875,0.20001856500400025
1876,0.2000185650040112
1877,0.2000185650040112
1878,0.2000185650040112
1879,0.2000185650040112
1880,0.6000556950121073
1881,0.2000185650039826
1882,0.2000185650039826
1883,0.2000185650039826
1884,0.4000371300080484
1885,0.20001856500398482
1886,0.20001856500398482
1887,0.20001856500398482
1888,0.2000185650040603
1889,0.2000185650040603
1890,0.2000185650040603
1891,0.2000185650040603
1892,0.4000371300080929
1893,0.20001856500404647
1894,0.20001856500404647
1895,0.20001856500404647
1896,0.20001856500400633
1897,0.20001856500400633
1898,0.20001856500400633
1899,0.20001856500400633
1900,0.20001856500403153
1901,0.20001856500403153
1902,0.20001856500403153
1903,0.4000371300080913
1904,0.20001856500407708
1905,0.20001856500407708
1906,0.20001856500407708
1907,0.20001856500407708
1908,0.20001856500407036
1909,0.20001856500407036
1910,0.20001856500407036
1911,0.20001856500407036
1912,0.8000742600161492
1913,0.6000556950120945
1914,0.40003713000804
1915,0.40003713000804
1916,0.40003713000804
1917,0.20001856500406726
1918,0.40003713000809926
1919,0.20001856500406726
1920,0.20001856500406726
1921,0.20001856500406726
1922,0.2000185650040653
1923,0.4000371300080985
1924,0.2000185650040653
1925,0.2000185650040653
1926,0.2000185650040653
1927,0.20001856500400006
1928,0.40003713000804936
1929,0.20001856500400006
1930,0.20001856500400006
1931,0.20001856500400006
1932,0.20156650526263856
1933,0.2015665052626488
1934,0.20156650526258701
1935,0.20156650526266134
1936,0.2015665052626192
1937,0.20156650526270686
1938,0.2015665052626794
1939,0.20156650526267852
1940,0.20156650526258144
1941,0.20156650526270062
1942,0.20156650526264572
1943,0.20156650526273107
1944,0.20156650526264988
1945,0.2015665052627006
1946,0.806266021050583
1947,0.2015665052626218
1948,0.20156650526254594
1949,0.201566505262603
1950,0.2015665052626196
1951,0.20156650526264452
1952,0.20156650526264397
1953,0.4031330105252908
1954,0.2015665052626995
1955,0.20156650526272768
1956,0.20156650526263992
1957,0.20156650526266565
1958,0.20156650526262382
1959,0.20156650526264241
1960,0.201566505262584
1961,0.20156650526262654
1962,0.20156650526258463
1963,0.2015665052626721
1964,0.2015665052626604
1965,0.20156650526266895
1966,0.20156650526262496
1967,0.40313301052531825
1968,0.4031330105252555
1969,0.2015665052625839
1970,0.2015665052626469
1971,0.2015665052626843
1972,0.201566505262593
1973,0.2015665052626787
1974,0.20156650526256922
1975,0.20156650526262387
1976,0.2015665052626501
1977,0.2015665052626092
1978,0.20156650526268363
1979,0.2015665052626365
1980,0.2015665052626868
1981,0.20156650526275657
1982,0.20156650526259373
1983,0.2015665052626482
1984,0.2015665052626482
1985,0.20156650526266706
1986,0.20156650526266706
1987,0.20156650526260952
1988,0.20156650526260952
1989,0.2015665052626674
1990,0.2015665052626674
1991,0.20156650526262232
1992,0.20156650526262232
1993,0.20156650526270092
1994,0.20156650526270092
1995,0.20156650526265676
1996,0.20156650526265676
1997,0.20156650526265005
1998,0.20156650526265005
1999,0.20156650526268127
2000,0.20156650526268127
2001,0.20156650526263695
2002,0.20156650526263695
2003,0.2015665052626113
2004,0.2015665052626113
2005,0.20156650526265643
2006,0.20156650526265643
2007,0.20156650526263986
2008,0.20156650526263986
2009,0.20156650526263986
2010,0.20156650526266748
2011,0.20156650526266748
2012,0.20156650526266748
2013,0.20156650526272107
2014,0.20156650526272107
2015,0.20156650526272107
2016,0.2015665052626162
2017,0.2015665052626162
2018,0.2015665052626162
2019,0.20156650526261097
2020,0.20156650526261097
2021,0.20156650526261097
2022,0.2015665052626272
2023,0.2015665052626272
2024,0.2015665052626272
2025,0.20156650526265496
2026,0.20156650526265496
2027,0.20156650526265496
2028,0.2015665052626622
2029,0.2015665052626622
2030,0.2015665052626622
2031,0.20156650526268222
2032,0.20156650526268222
2033,0.20156650526268222
2034,0.20156650526265368
2035,0.20156650526265368
2036,0.20156650526265368
2037,0.20156650526269826
2038,0.20156650526269826
2039,0.20156650526269826
2040,0.2015665052627213
2041,0.2015665052627213
2042,0.2015665052627213
2043,0.2015665052627213
2044,0.4031330105252424
2045,0.20156650526258132
2046,0.20156650526258132
2047,0.20156650526258132
2048,0.40313301052531175
2049,0.20156650526267778
2050,0.20156650526267778
2051,0.20156650526267778
2052,0.40313301052531925
2053,0.20156650526269268
2054,0.20156650526269268
2055,0.20156650526269268
2056,0.40313301052523437
2057,0.20156650526257744
2058,0.20156650526257744
2059,0.20156650526257744
2060,0.20156650526259404
2061,0.20156650526259404
2062,0.20156650526259404
2063,0.20156650526259404
2064,0.20156650526263264
2065,0.20156650526263264
2066,0.20156650526263264
2067,0.20156650526263264
2068,0.2015665052626957
2069,0.2015665052626957
2070,0.2015665052626957
2071,0.2015665052626957
2072,0.20156650526262984
2073,0.20156650526262984
2074,0.20156650526262984
2075,0.20156650526262984
2076,0.20156650526268396
2077,0.20156650526268396
2078,0.20156650526268396
2079,0.20156650526268396
2080,0.20156650526269718
2081,0.20156650526269718
2082,0.20156650526269718
2083,0.20156650526269718
2084,0.20156650526272177
2085,0.20156650526272177
2086,0.20156650526272177
2087,0.20156650526272177
2088,0.20156650526272177
2089,0.20156650526262668
2090,0.20156650526262668
2091,0.20156650526262668
2092,0.20156650526262668
2093,0.20156650526262668
2094,0.20156650526268022
2095,0.20156650526268022
2096,0.20156650526268022
2097,0.20156650526268022
2098,0.20156650526268022
2099,0.20156650526269654
2100,0.20156650526269654
2101,0.20156650526269654
2102,0.20156650526269654
2103,0.40313301052532435
2104,0.20156650526266842
2105,0.4031330105253082
2106,0.20156650526266842
2107,0.20156650526266842
2108,0.20156650526266842
2109,0.20156650526265385
2110,0.4031330105252891
2111,0.20156650526265385
2112,0.20156650526265385
2113,0.20156650526265385
2114,0.20156650526269274
2115,0.40313301052530526
2116,0.20156650526269274
2117,0.20156650526269274
2118,0.20156650526269274
2119,0.20156650526268893
2120,0.40313301052532413
2121,0.20156650526268893
2122,0.20156650526268893
2123,0.40313301052532413
2124,0.2015665052625896
2125,0.2015665052625896
2126,0.2015665052625896
2127,0.2015665052625896
2128,0.2015665052625896
2129,0.2015665052626059
2130,0.2015665052626059
2131,0.2015665052626059
2132,0.2015665052626059
2133,0.2015665052626059
2134,0.20156650526270775
2135,0.20156650526270775
2136,0.20156650526270775
2137,0.20156650526270775
2138,0.20156650526270775
2139,0.20156650526259412
2140,0.20156650526259412
2141,0.20156650526259412
2142,0.20156650526259412
2143,0.20156650526259412
2144,0.20156650526258452
2145,0.20156650526258452
2146,0.20156650526258452
2147,0.20156650526258452
2148,0.20156650526258452
2149,0.20156650526267275
2150,0.20156650526267275
2151,0.20156650526267275
2152,0.20156650526267275
2153,0.2015665052626302
2154,0.2015665052626302
2155,0.2015665052626302
2156,0.2015665052626302
2157,0.20156650526263906
2158,0.20156650526263906
2159,0.20156650526263906
2160,0.20156650526263906
2161,0.20156650526260897
2162,0.20156650526260897
2163,0.20156650526260897
2164,0.20156650526260897
2165,0.20156650526260206
2166,0.40313301052525274
2167,0.20156650526260206
2168,0.20156650526260206
2169,0.20156650526269318
2170,0.20156650526269318
2171,0.20156650526269318
2172,0.40313301052532574
2173,0.20156650526273415
2174,0.20156650526273415
2175,0.20156650526273415
2176,0.20156650526273415
2177,0.20156650526265366
2178,0.20156650526265366
2179,0.20156650526265366
2180,0.20156650526265366
2181,0.20156650526266112
2182,0.20156650526266112
2183,0.20156650526266112
2184,0.4031330105253068
2185,0.20156650526259523
2186,0.6046995157879278
2187,0.20156650526259523
2188,0.20156650526259523
2189,0.20156650526262956
2190,0.20156650526262956
2191,0.20156650526262956
2192,0.20156650526262956
2193,0.2015665052626445
2194,0.2015665052626445
2195,0.2015665052626445
2196,0.20156650526260783
2197,0.6046995157879275
2198,0.20156650526260783
2199,0.20156650526263598
2200,0.40313301052528255
2201,0.20156650526263598
2202,0.20156650526256603
2203,0.4031330105252292
2204,0.6046995157878923
2205,0.20156650526269868
2206,0.4031330105253335
2207,0.20156650526269868
2208,0.2015665052625496
2209,0.2015665052625496
2210,0.2015665052625496
2211,0.20156650526266356
2212,0.20156650526266356
2213,0.4031330105252892
2214,0.20156650526266226
2215,0.20156650526266226
2216,0.20156650526266226
2217,0.2015665052626486
2218,0.2015665052626486
2219,0.2015665052626486
2220,0.20156650526261907
2221,0.20156650526261907
2222,0.20156650526261907
2223,0.20156650526261907
2224,0.20156650526272335
2225,0.20156650526272335
2226,0.20156650526272335
2227,0.20156650526255504
2228,0.20156650526255504
2229,0.20156650526255504
2230,0.20156650526266617
2231,0.20156650526266617
2232,0.4031330105252998
2233,0.20156650526265749
2234,0.20156650526265749
2235,0.20156650526262876
2236,0.20156650526262876
2237,0.20156650526262876
2238,0.20156650526261494
2239,0.20156650526261494
2240,0.20156650526261494
2241,0.20156650526255485
2242,0.20156650526255485
2243,0.40313301052522205
2244,0.20156650526256056
2245,0.20156650526256056
2246,0.20156650526256056
2247,0.20156650526259579
2248,0.20156650526259579
2249,0.20156650526267844
2250,0.4031330105253012
2251,0.20156650526262024
2252,0.20156650526262024
2253,0.20156650526269035
2254,0.40313301052531714
2255,0.2015665052626342
2256,0.20156650526268724
2257,0.20156650526268863
2258,0.20156650526268127
2259,0.2015665052626907
2260,0.20156650526264538
2261,0.1713210894034311
2262,0.17132108940355523
2263,0.17132108940346813
2264,0.17132108940349758
2265,0.34264217880694364
2266,0.17132108940342403
2267,0.5139632682103925
2268,1.1580077883703705
2269,0.5139632682103865
2270,0.17132108940345353
2271,0.17132108940347085
2272,0.17132108940346255
2273,0.17132108940346966
2274,0.17132108940349758
2275,0.3426421788068788
2276,0.17132108940344493
2277,0.34264217880691317
2278,0.17132108940342594
2279,0.17132108940341634
2280,0.5139632682103742
2281,0.3426421788069023
2282,0.17132108940350316
2283,0.34264217880695225
2284,0.3426421788068941
2285,0.17132108940349264
2286,0.1713210894034398
2287,0.17132108940338553
2288,0.1713210894035031
2289,0.17132108940346719
2290,0.1713210894033832
2291,0.1713210894034901
2292,0.17132108940346852
2293,0.17132108940351823
2294,0.17132108940345622
2295,0.17132108940354523
2296,0.34264217880692543
2297,0.1713210894034943
2298,0.3426421788069566
2299,0.34264217880693254
2300,0.17132108940345045
2301,0.17132108940345983
2302,0.17132108940346474
2303,0.3426421788069645
2304,0.17132108940349766
2305,0.17132108940355212
2306,0.5139632682103812
2307,0.17132108940355537
2308,0.17132108940351884
2309,0.34264217880687003
2310,0.34264217880687003
2311,0.3426421788069206
2312,0.3426421788069206
2313,0.3426421788069323
2314,0.3426421788069323
2315,0.5139632682103918
2316,0.5139632682103918
2317,0.17132108940345997
2318,0.17132108940345997
2319,0.17132108940351867
2320,0.17132108940351867
2321,0.34264217880689035
2322,0.34264217880689035
2323,0.34264217880695363
2324,0.17132108940351412
2325,0.17132108940351515
2326,0.17132108940351515
2327,0.1713210894034863
2328,0.1713210894034863
2329,0.17132108940354926
2330,0.17132108940354926
2331,0.17132108940344362
2332,0.17132108940344362
2333,0.17132108940347673
2334,0.17132108940347673
2335,0.17132108940351354
2336,0.17132108940351354
2337,0.17132108940341864
2338,0.17132108940341864
2339,0.1713210894034279
2340,0.1713210894034279
2341,0.13218077649276994
2342,0.13218077649280102
2343,0.1321807764927494
2344,0.13218077649286053
2345,0.13218077649280766
2346,0.13218077649279797
2347,0.13218077649280427
2348,0.13218077649274335
2349,0.1321807764927849
2350,0.13218077649288604
2351,0.1321807764927835
2352,0.1321807764927682
2353,0.13218077649271856
2354,0.13218077649278162
2355,0.1321807764928355
2356,0.13218077649280305
2357,0.1321807764926397
2358,0.13218077649278773
2359,0.1321807764928193
2360,0.13218077649280136
2361,0.13218077649280227
2362,0.13218077649270704
2363,0.3085442276820873
2364,0.132180776492796
2365,0.13218077649281537
2366,0.132180776492774
2367,0.1321807764928466
2368,0.13218077649271656
2369,0.1321807764928597
2370,0.13218077649283738
2371,0.1321807764928985
2372,0.13218077649284798
2373,0.13218077649278914
2374,0.13218077649275933
2375,0.13218077649280519
2376,0.1321807764928178
2377,0.1321807764928155
2378,0.132180776492834
2379,0.1321807764927462
2380,0.13218077649281537
2381,0.13218077649274793
2382,0.1321807764928708
2383,0.1321807764927314
2384,0.1321807764927132
2385,0.13218077649272247
2386,0.1321807764928223
2387,0.13218077649272847
2388,0.1321807764927512
2389,0.1321807764927512
2390,0.13218077649273888
2391,0.13218077649273888
2392,0.1321807764927558
2393,0.1321807764927558
2394,0.1321807764928419
2395,0.1321807764928419
2396,0.1321807764927616
2397,0.1321807764927616
2398,0.13218077649274632
2399,0.13218077649274632
2400,0.13218077649282767
2401,0.13218077649282767
2402,0.13218077649271864
2403,0.13218077649271864
2404,0.13218077649276042
2405,0.13218077649276042
2406,0.13218077649280421
2407,0.13218077649280421
2408,0.13218077649287785
2409,0.13218077649287785
2410,0.1321807764928082
2411,0.1321807764928082
2412,0.1321807764927799
2413,0.1321807764927799
2414,0.13218077649277818
2415,0.13218077649277818
2416,0.13218077649277818
2417,0.3085442276820184
2418,0.13218077649276086
2419,0.3085442276820184
2420,0.13218077649279694
2421,0.13218077649279694
2422,0.13218077649279694
2423,0.13218077649281448
2424,0.13218077649281448
2425,0.13218077649281448
2426,0.3085442276820318
2427,0.1321807764927708
2428,0.1321807764927708
2429,0.13218077649288115
2430,0.13218077649288115
2431,0.13218077649288115
2432,0.1321807764927277
2433,0.1321807764927277
2434,0.1321807764927277
2435,0.13218077649275317
2436,0.13218077649275317
2437,0.13218077649275317
2438,0.13218077649279525
2439,0.13218077649279525
2440,0.13218077649279525
2441,0.1321807764928656
2442,0.1321807764928656
2443,0.1321807764928656
2444,0.13218077649271534
2445,0.13218077649271534
2446,0.13218077649271534
2447,0.13218077649275659
2448,0.30854422768202605
2449,0.13218077649275659
2450,0.13218077649275659
2451,0.1321807764928054
2452,0.48490767887133335
2453,0.1321807764928054
2454,0.1321807764928054
2455,0.1321807764928357
2456,0.1321807764928357
2457,0.1321807764928357
2458,0.1321807764928357
2459,0.13218077649283932
2460,0.13218077649283932
2461,0.13218077649283932
2462,0.13218077649283932
2463,0.13218077649282287
2464,0.13218077649282287
2465,0.13218077649282287
2466,0.13218077649282287
2467,0.13218077649278825
2468,0.13218077649278825
2469,0.13218077649278825
2470,0.13218077649278825
2471,0.13218077649274002
2472,0.13218077649274002
2473,0.13218077649274002
2474,0.13218077649274002
2475,0.1321807764927982
2476,0.1321807764927982
2477,0.1321807764927982
2478,0.1321807764927982
2479,0.13218077649284168
2480,0.13218077649284168
2481,0.13218077649284168
2482,0.13218077649284168
2483,0.13218077649277357
2484,0.13218077649277357
2485,0.13218077649277357
2486,0.13218077649277357
2487,0.13218077649277482
2488,0.13218077649277482
2489,0.13218077649277482
2490,0.13218077649277482
2491,0.13218077649274906
2492,0.13218077649274906
2493,0.13218077649274906
2494,0.13218077649274906
2495,0.13218077649281434
2496,0.13218077649281434
2497,0.13218077649281434
2498,0.13218077649281434
2499,0.1321807764928533
2500,0.1321807764928533
2501,0.1321807764928533
2502,0.1321807764928533
2503,0.1321807764928533
2504,0.13218077649275647
2505,0.13218077649275647
2506,0.13218077649275647
2507,0.13218077649275647
2508,0.13218077649275647
2509,0.13218077649272528
2510,0.13218077649272528
2511,0.13218077649272528
2512,0.13218077649272528
2513,0.13218077649272528
2514,0.1321807764927658
2515,0.1321807764927658
2516,0.1321807764927658
2517,0.1321807764927658
2518,0.1321807764927658
2519,0.13218077649281912
2520,0.13218077649281912
2521,0.13218077649281912
2522,0.13218077649281912
2523,0.13218077649281912
2524,0.13218077649281376
2525,0.13218077649281376
2526,0.13218077649281376
2527,0.13218077649281376
2528,0.13218077649281376
2529,0.13218077649284435
2530,0.13218077649284435
2531,0.13218077649284435
2532,0.13218077649284435
2533,0.13218077649284435
2534,0.13218077649280147
2535,0.13218077649280147
2536,0.13218077649280147
2537,0.13218077649280147
2538,0.13218077649280147
2539,0.1321807764927522
2540,0.1321807764927522
2541,0.1321807764927522
2542,0.1321807764927522
2543,0.1321807764927522
2544,0.13218077649280077
2545,0.13218077649280077
2546,0.13218077649280077
2547,0.13218077649280077
2548,0.13218077649280077
2549,0.1321807764927984
2550,0.1321807764927984
2551,0.1321807764927984
2552,0.1321807764927984
2553,0.1321807764927984
2554,0.3085442276820463
2555,0.13218077649276969
2556,0.3085442276820463
2557,0.13218077649276969
2558,0.13218077649276969
2559,0.1321807764927882
2560,0.1321807764927882
2561,0.1321807764927882
2562,0.1321807764927882
2563,0.1321807764927882
2564,0.1321807764927142
2565,0.1321807764927142
2566,0.1321807764927142
2567,0.1321807764927142
2568,0.1321807764927663
2569,0.1321807764927663
2570,0.1321807764927663
2571,0.1321807764927663
2572,0.1321807764927807
2573,0.1321807764927807
2574,0.1321807764927807
2575,0.1321807764927807
2576,0.13218077649281115
2577,0.13218077649281115
2578,0.13218077649281115
2579,0.13218077649281115
2580,0.13218077649274296
2581,0.13218077649274296
2582,0.13218077649274296
2583,0.13218077649274296
2584,0.13218077649273774
2585,0.13218077649273774
2586,0.13218077649273774
2587,0.13218077649273774
2588,0.13218077649279394
2589,0.13218077649279394
2590,0.13218077649279394
2591,0.13218077649279394
2592,0.13218077649278784
2593,0.13218077649278784
2594,0.13218077649278784
2595,0.13218077649278784
2596,0.13218077649283239
2597,0.13218077649283239
2598,0.13218077649283239
2599,0.13218077649283239
2600,0.13218077649281287
2601,0.13218077649281287
2602,0.13218077649281287
2603,0.13218077649281287
2604,0.1321807764927937
2605,0.1321807764927937
2606,0.1321807764927937
2607,0.1321807764927937
2608,0.13218077649280724
2609,0.13218077649280724
2610,0.13218077649280724
2611,0.13218077649280724
2612,0.13218077649284246
2613,0.13218077649284246
2614,0.13218077649284246
2615,0.13218077649284246
2616,0.13218077649280477
2617,0.13218077649280477
2618,0.13218077649280477
2619,0.30854422768212736
2620,0.13218077649288026
2621,0.30854422768212736
2622,0.132180776492725
2623,0.132180776492725
2624,0.132180776492725
2625,0.13218077649270848
2626,0.13218077649270848
2627,0.13218077649270848
2628,0.13218077649276241
2629,0.13218077649276241
2630,0.30854422768203366
2631,0.20325480323463715
2632,0.6097644097040366
2633,0.20325480323475315
2634,0.2032548032347189
2635,0.20325480323471828
2636,0.20325480323476244
2637,0.20325480323471104
2638,0.60976440970401
2639,0.2032548032346419
2640,0.8130192129386737
2641,0.20325480323461562
2642,0.20325480323459003
2643,0.20325480323473072
2644,0.40650960646941164
2645,0.6097644097040208
2646,0.4065096064693504
2647,0.20325480323471837
2648,0.20325480323463332
2649,0.20325480323468123
2650,0.2032548032346737
2651,0.20325480323462247
2652,0.4065096064693796
2653,0.20325480323476475
2654,0.20325480323469527
2655,0.20325480323468617
2656,0.20325480323469727
2657,0.20325480323467782
2658,0.20325480323466755
2659,0.20325480323475292
2660,0.2032548032346164
2661,0.20325480323473066
2662,0.20325480323473066
2663,0.2032548032347004
2664,0.2032548032347004
2665,0.2032548032346362
2666,0.2032548032346362
2667,0.20325480323464085
2668,0.20325480323464085
2669,0.2032548032346292
2670,0.2032548032346292
2671,0.20325480323466485
2672,0.20325480323466485
2673,0.20325480323470047
2674,0.20325480323470047
2675,0.20325480323463116
2676,0.20325480323463116
2677,0.20325480323466716
2678,0.20325480323466716
2679,0.20325480323470543
2680,0.20325480323470543
2681,0.2032548032346315
2682,0.2032548032346315
2683,0.20325480323467965
2684,0.20325480323467965
2685,0.20325480323465164
2686,0.20325480323465164
2687,0.20325480323467762
2688,0.20325480323467762
2689,0.20325480323467457
2690,0.20325480323467457
2691,0.20325480323467443
2692,0.20325480323467443
2693,0.40650960646938955
2694,0.20325480323473138
2695,0.20325480323476366
2696,0.4065096064694096
2697,0.2032548032347616
2698,0.2032548032347616
2699,0.20325480323475809
2700,0.20325480323475809
2701,0.20325480323466716
2702,0.20325480323466716
2703,0.20325480323461045
2704,0.20325480323461045
2705,0.20325480323463807
2706,0.20325480323463807
2707,0.20325480323467832
2708,0.20325480323467832
2709,0.20325480323474898
2710,0.20325480323474898
2711,0.2032548032346326
2712,0.2032548032346326
2713,0.20325480323476086
2714,0.40650960646940637
2715,0.20325480323467704
2716,0.20325480323467704
2717,0.2032548032346366
2718,0.2032548032346366
2719,0.2032548032346374
2720,0.2032548032346374
2721,0.20325480323465825
2722,0.20325480323465825
2723,0.20325480323463777
2724,0.20325480323463777
2725,0.40650960646932616
2726,0.2032548032346279
2727,0.8130192129386767
2728,1.2131484521783107
2729,0.20325480323475778
2730,0.4065096064694028
2731,0.6097644097040479
2732,0.20325480323457765
2733,0.20325480323457765
2734,0.20325480323457765
2735,0.17058883066362635
2736,0.34117766132707084
2737,0.3411776613270985
2738,0.17058883066349287
2739,0.1705888306634292
2740,0.1705888306635361
2741,0.17058883066352412
2742,0.3411776613270981
2743,0.3411776613270424
2744,0.1705888306634655
2745,0.5117664919905743
2746,0.17058883066356864
2747,0.1705888306635017
2748,0.17058883066356514
2749,0.1705888306635603
2750,0.17058883066350483
2751,0.17058883066357255
2752,0.17058883066349834
2753,0.17058883066349825
2754,0.170588830663537
2755,0.34117766132705984
2756,0.3411776613270168
2757,0.17058883066354932
2758,0.17058883066361868
2759,0.3411776613270483
2760,0.1705888306634886
2761,0.17058883066356187
2762,0.13346321258292795
2763,0.13346321258289526
2764,0.1334632125829219
2765,0.1334632125829018
2766,0.13346321258285557
2767,0.1334632125828851
2768,0.13346321258279983
2769,0.13346321258290547
2770,0.13346321258287883
2771,0.1334632125829453
2772,0.13346321258293467
2773,0.13346321258288926
2774,0.13346321258277757
2775,0.1334632125828017
2776,0.13346321258286342
2777,0.133463212582896
2778,0.13346321258278773
2779,0.1334632125828164
2780,0.13346321258279703
2781,0.13346321258282332
2782,0.13346321258281313
2783,0.13346321258288354
2784,0.13346321258293767
2785,0.13346321258290866
2786,0.13346321258287297
2787,0.13346321258287297
2788,0.13346321258273808
2789,0.13346321258273808
2790,0.13346321258291854
2791,0.13346321258291854
2792,0.13346321258287605
2793,0.13346321258287605
2794,0.13346321258285215
2795,0.13346321258285215
2796,0.13346321258290403
2797,0.13346321258290403
2798,0.133463212582863
2799,0.133463212582863
2800,0.1334632125828432
2801,0.1334632125828432
2802,0.13346321258291818
2803,0.13346321258291818
2804,0.1334632125828088
2805,0.1334632125828088
2806,0.13346321258292404
2807,0.13346321258292404
2808,0.13346321258288024
2809,0.13346321258288024
2810,0.13346321258288024
2811,0.1334632125829508
2812,0.1334632125829508
2813,0.1334632125829508
2814,0.1334632125829051
2815,0.1334632125829051
2816,0.1334632125829051
2817,0.13346321258284638
2818,0.13346321258284638
2819,0.13346321258284638
2820,0.133463212582911
2821,0.133463212582911
2822,0.133463212582911
2823,0.13346321258287447
2824,0.13346321258287447
2825,0.13346321258287447
2826,0.13346321258285454
2827,0.13346321258285454
2828,0.13346321258285454
2829,0.13346321258293536
2830,0.13346321258293536
2831,0.13346321258293536
2832,0.13346321258295102
2833,0.13346321258295102
2834,0.13346321258295102
2835,0.13346321258288057
2836,0.13346321258288057
2837,0.13346321258288057
2838,0.13346321258291616
2839,0.13346321258291616
2840,0.13346321258291616
2841,0.13346321258283672
2842,0.13346321258283672
2843,0.13346321258283672
2844,0.13346321258288724
2845,0.13346321258288724
2846,0.13346321258288724
2847,0.13346321258296953
2848,0.13346321258296953
2849,0.13346321258296953
2850,0.13346321258288013
2851,0.13346321258288013
2852,0.13346321258288013
2853,0.13346321258286206
2854,0.13346321258286206
2855,0.13346321258286206
2856,0.13346321258286398
2857,0.13346321258286398
2858,0.13346321258286398
2859,0.1334632125828075
2860,0.1334632125828075
2861,0.1334632125828075
2862,0.13346321258294228
2863,0.13346321258294228
2864,0.13346321258294228
2865,0.13346321258280275
2866,0.13346321258280275
2867,0.13346321258280275
2868,0.13346321258283764
2869,0.13346321258283764
2870,0.13346321258283764
2871,0.13346321258282778
2872,0.13346321258282778
2873,0.13346321258282778
2874,0.13346321258280344
2875,0.13346321258280344
2876,0.13346321258280344
2877,0.13346321258286084
2878,0.13346321258286084
2879,0.13346321258286084
2880,0.13346321258286334
2881,0.13346321258286334
2882,0.13346321258286334
2883,0.13346321258287788
2884,0.13346321258287788
2885,0.13346321258287788
2886,0.13346321258287583
2887,0.13346321258287583
2888,0.13346321258287583
2889,0.13346321258287774
2890,0.13346321258287774
2891,0.13346321258287774
2892,0.1334632125829268
2893,0.1334632125829268
2894,0.1334632125829268
2895,0.13346321258281282
2896,0.13346321258281282
2897,0.13346321258281282
2898,0.13346321258285607
2899,0.13346321258285607
2900,0.13346321258285607
2901,0.13346321258282684
2902,0.13346321258282684
2903,0.13346321258282684
2904,0.1334632125829213
2905,0.1334632125829213
2906,0.1334632125829213
2907,0.13346321258279578
2908,0.13346321258279578
2909,0.13346321258279578
2910,0.13346321258287677
2911,0.13346321258287677
2912,0.13346321258287677
2913,0.13346321258285337
2914,0.13346321258285337
2915,0.1334632125828282
2916,0.1334632125828282
2917,0.1334632125829352
2918,0.1334632125829352
2919,0.13346321258294022
2920,0.13346321258294022
2921,0.1334632125828455
2922,0.1334632125828455
2923,0.13346321258282723
2924,0.13346321258282723
2925,0.13346321258292262
2926,0.13346321258280514
2927,0.13346321258293678
2928,0.13346321258297422
2929,0.13346321258296878
2930,0.1993890114466705
2931,0.19938901144655852
2932,0.19938901144659768
2933,0.19938901144656485
2934,0.1993890114466784
2935,0.39877802289318776
2936,0.39877802289319636
2937,0.19938901144655455
2938,0.1993890114465649
2939,0.19938901144666107
2940,0.19938901144658622
2941,0.19938901144660326
2942,0.19938901144660645
2943,0.1993890114466582
2944,0.7975560457863978
2945,1.5519896249791614
2946,1.5519896249791614
2947,1.9752508885754456
2948,0.3987780228931708
2949,0.7975560457863958
2950,0.7975560457863958
2951,1.5705497386964675
2952,2.3521147283394983
2953,2.3521147283394983
2954,2.7956679058846476
2955,0.19938901144655186
2956,0.19938901144664117
2957,0.1993890114466279
2958,0.1993890114466383
2959,0.19938901144655963
2960,0.19938901144658555
2961,0.19938901144653848
2962,0.7975560457863983
2963,1.5943556412482767
2964,0.7975560457864194
2965,0.19938901144653012
2966,0.199389011446618
2967,0.19938901144664897
2968,0.19938901144657512
2969,0.19938901144657745
2970,0.19938901144655066
2971,0.19938901144651522
2972,0.19938901144651522
2973,0.7975560457864266
2974,0.19938901144656412
2975,0.19938901144659874
2976,0.19938901144659874
2977,0.1993890114466382
2978,0.1993890114466382
2979,0.5981670343398056
2980,0.1993890114466157
2981,0.5981670343398056
2982,1.3948736154498196
2983,0.19938901144655097
2984,0.5981670343397751
2985,0.19938901144654153
2986,0.5981670343397751
2987,0.5981670343397775
2988,0.1993890114465101
2989,1.1802279938456588
2990,0.1993890114466501
2991,1.1802279938456588
2992,0.19938901144659388
2993,0.19938901144659388
2994,0.398778022893158
2995,0.19938901144653995
2996,0.7975560457864027
2997,0.19938901144663432
2998,0.19938901144663432
2999,0.3987780228932369
3000,0.1993890114466584
3001,0.1993890114466584
3002,0.5981670343398034
3003,0.5981670343398034
3004,0.19938901144656482
3005,0.1993890114465749
3006,0.1993890114465749
3007,0.1993890114465749
3008,0.1993890114465749
3009,0.3987780228932409
3010,0.3987780228932409
3011,0.1993890114466593
3012,0.3987780228932409
3013,0.3987780228932409
3014,0.19938901144672136
3015,0.19938901144672136
3016,0.19938901144672136
3017,0.19938901144664867
3018,0.19938901144664867
3019,0.19938901144664867
3020,0.19938901144662208
3021,0.19938901144662208
3022,0.19938901144662208
3023,0.19938901144658863
3024,0.19938901144658863
3025,0.19938901144658863
3026,0.19938901144670704
3027,0.19938901144670704
3028,0.19938901144670704
3029,0.19938901144657156
3030,0.19938901144657156
3031,0.19938901144657156
3032,0.3987780228932466
3033,0.19938901144666052
3034,0.19938901144666052
3035,1.0356779801614902
3036,1.0356779801614902
3037,0.19938901144657595
3038,0.19938901144657595
3039,0.19938901144663754
3040,0.19938901144663754
3041,0.19938901144663754
3042,0.19938901144663754
3043,0.19938901144663118
3044,0.19938901144663118
3045,0.19938901144663118
3046,0.19938901144663118
3047,0.7975560457864115
3048,0.19938901144661803
3049,0.19938901144661803
3050,0.7975560457864059
3051,0.199389011446565
3052,0.199389011446565
3053,0.9727063896650944
3054,0.19938901144658686
3055,0.19938901144658686
3056,0.7975560457864106
3057,0.19938901144664503
3058,0.19938901144664503
3059,0.3987780228932112
3060,0.199389011446628
3061,0.199389011446628
3062,0.1993890114466623
3063,0.1993890114466623
3064,0.1993890114466623
3065,0.19938901144663201
3066,0.19938901144663201
3067,0.19938901144663201
3068,0.1993890114465624
3069,0.1993890114465624
3070,0.1993890114465624
3071,0.7975560457863958
3072,0.7975560457863958
3073,0.1993890114465933
3074,0.1993890114465933
3075,0.19938901144657506
3076,0.19938901144657506
3077,0.19938901144657506
3078,0.19938901144657506
3079,0.19938901144662344
3080,0.19938901144662344
3081,0.19938901144662344
3082,0.19938901144662344
3083,0.39877802289319847
3084,0.39877802289319847
3085,0.199389011446605
3086,0.199389011446605
3087,0.39877802289318076
3088,0.39877802289318076
3089,0.19938901144656304
3090,0.19938901144656304
3091,0.7975560457863745
3092,0.19938901144667875
3093,0.19938901144667875
3094,0.19938901144667875
3095,0.3987780228932414
3096,0.19938901144666843
3097,0.19938901144666843
3098,0.19938901144666843
3099,0.19938901144658058
3100,0.19938901144658058
3101,0.19938901144658058
3102,0.19938901144658058
3103,0.39877802289323
3104,0.19938901144664634
3105,0.19938901144664634
3106,0.19938901144664634
3107,0.19938901144668267
3108,0.19938901144668267
3109,0.19938901144668267
3110,0.19938901144668267
3111,0.19938901144656873
3112,0.19938901144656873
3113,0.19938901144656873
3114,0.19938901144656873
3115,0.19938901144661353
3116,0.19938901144661353
3117,0.19938901144661353
3118,0.19938901144661353
3119,0.19938901144661353
3120,0.1993890114465141
3121,0.1993890114465141
3122,0.1993890114465141
3123,0.1993890114465141
3124,0.1993890114465141
3125,0.5981670343397654
3126,0.1993890114465173
3127,0.1993890114465173
3128,0.1993890114465173
3129,0.1993890114465173
3130,0.598167034339812
3131,0.1993890114466551
3132,0.1993890114466551
3133,0.1993890114466551
3134,0.1993890114466551
3135,0.398778022893173
3136,0.1993890114465616
3137,0.1993890114465616
3138,0.1993890114465616
3139,0.1993890114465616
3140,0.19938901144661458
3141,0.19938901144661458
3142,0.19938901144661458
3143,0.19938901144661458
3144,0.19938901144661458
3145,0.7975560457864126
3146,0.1993890114466237
3147,0.1993890114466237
3148,0.1993890114466237
3149,0.1993890114466237
3150,0.7975560457863742
3151,0.19938901144654303
3152,0.19938901144654303
3153,0.19938901144654303
3154,0.19938901144654303
3155,0.1993890114466396
3156,0.1993890114466396
3157,0.1993890114466396
3158,0.1993890114466396
3159,0.1993890114466396
3160,0.19713617743790607
3161,0.19713617743791628
3162,0.39427235487591394
3163,0.591408532313861
3164,0.39427235487594364
3165,0.3942723548759174
3166,0.19713617743790676
3167,0.19713617743794012
3168,0.19713617743795275
3169,0.19713617743792344
3170,0.3942723548759144
3171,0.19713617743794773
3172,0.19713617743792194
3173,0.1971361774379755
3174,0.1971361774379751
3175,0.39427235487583595
3176,0.1971361774378604
3177,0.394272354875889
3178,0.3942723548759397
3179,0.1971361774379261
3180,0.197136177438014
3181,0.39427235487585094
3182,0.39427235487595413
3183,0.18456392274933056
3184,0.1845639227493426
3185,0.1845639227492426
3186,0.184563922749219
3187,0.18456392274925873
3188,0.1845639227492852
3189,0.1845639227492651
3190,0.184563922749214
3191,0.18456392274923578
3192,0.18456392274923777
3193,0.18456392274925082
3194,0.18456392274927946
3195,0.18456392274918199
3196,0.18456392274917932
3197,0.18456392274927963
3198,0.18456392274919
3199,0.1845639227492888
3200,0.18456392274925057
3201,0.1845639227492869
3202,0.18456392274934175
3203,0.18456392274931271
3204,0.18456392274929734
3205,0.1845639227493008
3206,0.18456392274917796
3207,0.18456392274925848
3208,0.1845639227492515
3209,0.18456392274935673
3210,0.18456392274924013
3211,0.18456392274929181
3212,0.18456392274919844
3213,0.18456392274922787
3214,0.18456392274921588
3215,0.1845639227492321
3216,0.18456392274929437
3217,0.1845639227492381
3218,0.1845639227492286
3219,0.18456392274918812
3220,0.1845639227491968
3221,0.1845639227493207
3222,0.18456392274926256
3223,0.3691278454985063
3224,0.18456392274930047
3225,0.18456392274922814
3226,0.18456392274922756
3227,0.18456392274926364
3228,0.18456392274930206
3229,0.18456392274919056
3230,0.18456392274921832
3231,0.18456392274928296
3232,0.18456392274936803
3233,0.1845639227492141
3234,0.1845639227492371
3235,0.18456392274929845
3236,0.18456392274929845
3237,0.1845639227492889
3238,0.1845639227492889
3239,0.1845639227493248
3240,0.1845639227493248
3241,0.1845639227493095
3242,0.1845639227493095
3243,0.18456392274922395
3244,0.18456392274922395
3245,0.1845639227491826
3246,0.1845639227491826
3247,0.1845639227491626
3248,0.1845639227491626
3249,0.3691278454984733
3250,0.3691278454984733
3251,0.1845639227492902
3252,0.1845639227492902
3253,0.18456392274928782
3254,0.18456392274928782
3255,0.18456392274925926
3256,0.18456392274925926
3257,0.18456392274920685
3258,0.18456392274920685
3259,0.1896794902727429
3260,0.18967949027277764
3261,0.18967949027277534
3262,0.1896794902726717
3263,0.18967949027274728
3264,0.18967949027278466
3265,0.18967949027275804
3266,0.18967949027263956
3267,0.18967949027278164
3268,0.18967949027275843
3269,0.1896794902726379
3270,0.1896794902727032
3271,0.18967949027274947
3272,0.18967949027271816
3273,0.18967949027275682
3274,0.18967949027269473
3275,0.18967949027269934
3276,0.189679490272676
3277,0.1896794902727253
3278,0.18967949027279565
3279,0.18967949027273165
3280,0.5690384708181926
3281,0.1896794902727181
3282,0.18967949027278075
3283,0.18967949027277314
3284,0.189679490272764
3285,0.1896794902726745
3286,0.18967949027269843
3287,0.18967949027279105
3288,0.18967949027263992
3289,0.18967949027277195
3290,0.1896794902727645
3291,0.18967949027282327
3292,0.1896794902727607
3293,0.18967949027278727
3294,0.18967949027278566
3295,0.18967949027267383
3296,0.1896794902728285
3297,0.1896794902727373
3298,0.1896794902727353
3299,0.1896794902727353
3300,0.189679490272775
3301,0.189679490272775
3302,0.18967949027274714
3303,0.18967949027274714
3304,0.18967949027273243
3305,0.18967949027273243
3306,0.18967949027268985
3307,0.18967949027268985
3308,0.18967949027273998
3309,0.18967949027273998
3310,0.1896794902727666
3311,0.1896794902727666
3312,0.18967949027278524
3313,0.18967949027278524
3314,0.18967949027273284
3315,0.18967949027273284
3316,0.18967949027273345
3317,0.18967949027273345
3318,0.189679490272779
3319,0.189679490272779
3320,0.1896794902728253
3321,0.1896794902728253
3322,0.1896794902727482
3323,0.1896794902727482
3324,0.18967949027278086
3325,0.18967949027278086
3326,0.18967949027277337
3327,0.18967949027277337
3328,0.18967949027274414
3329,0.18967949027274414
3330,0.18967949027276929
3331,0.18967949027276929
3332,0.1896794902727134
3333,0.1896794902727134
3334,0.17358791350702185
3335,0.17358791350703645
3336,0.17358791350708214
3337,0.1735879135070411
3338,0.17358791350699757
3339,0.1735879135069978
3340,0.1735879135069635
3341,0.1735879135069694
3342,0.17358791350699965
3343,0.1735879135070404
3344,0.17358791350696456
3345,0.173587913506958
3346,0.17358791350702002
3347,0.17358791350701774
3348,0.1735879135069788
3349,0.17358791350695693
3350,0.3471758270139878
3351,0.34717582701395155
3352,0.17358791350702035
3353,0.1735879135069488
3354,0.17358791350702577
3355,0.1735879135069444
3356,0.1735879135069725
3357,0.34717582701399835
3358,0.17358791350696684
3359,0.347175827013933
3360,0.17358791350698363
3361,0.1735879135070329
3362,0.17358791350702069
3363,0.6943516540279965
3364,0.17358791350699912
3365,0.17358791350699912
3366,0.17358791350691838
3367,0.5207637405209719
3368,0.3471758270140491
3369,0.5207637405209663
3370,0.17358791350696812
3371,0.34717582701399274
3372,0.5207637405209948
3373,0.17358791350695393
3374,0.5207637405209766
3375,0.6943516540279705
3376,0.1735879135069568
3377,0.17358791350699376
3378,0.1266820112838549
3379,0.1266820112837937
3380,0.12668201128388581
3381,0.1266820112839211
3382,0.12668201128390214
3383,0.12668201128388573
3384,0.1266820112838779
3385,0.12668201128383827
3386,0.1266820112840272
3387,0.1266820112838642
3388,0.12668201128388312
3389,0.12668201128388604
3390,0.12668201128385592
3391,0.12668201128376788
3392,0.1266820112839108
3393,0.12668201128393122
3394,0.1266820112838808
3395,0.12668201128386752
3396,0.12668201128399423
3397,0.1266820112838687
3398,0.12668201128383594
3399,0.12668201128381837
3400,0.2890823476730755
3401,0.1266820112838212
3402,0.12668201128396395
3403,0.12668201128391615
3404,0.12668201128383066
3405,0.12668201128388087
3406,0.12668201128385445
3407,0.12668201128395243
3408,0.12668201128391127
3409,0.126682011283793
3410,0.12668201128392811
3411,0.12668201128393128
3412,0.1266820112839177
3413,0.12668201128398332
3414,0.12668201128383658
3415,0.12668201128386314
3416,0.12668201128392792
3417,0.1266820112839389
3418,0.2890823476730119
3419,0.12668201128384315
3420,0.12668201128391182
3421,0.12668201128393944
3422,0.1266820112838525
3423,0.12668201128384865
3424,0.12668201128389195
3425,0.12668201128386097
3426,0.12668201128379786
3427,0.1266820112838805
3428,0.1266820112838805
3429,0.1266820112838794
3430,0.1266820112838794
3431,0.12668201128387796
3432,0.12668201128387796
3433,0.12668201128383763
3434,0.12668201128383763
3435,0.12668201128392245
3436,0.12668201128392245
3437,0.12668201128382006
3438,0.12668201128382006
3439,0.12668201128385193
3440,0.12668201128385193
3441,0.12668201128385193
3442,0.12668201128391113
3443,0.12668201128391113
3444,0.12668201128391113
3445,0.1266820112838184
3446,0.1266820112838184
3447,0.1266820112838184
3448,0.1266820112838568
3449,0.1266820112838568
3450,0.1266820112838568
3451,0.12668201128387266
3452,0.12668201128387266
3453,0.12668201128387266
3454,0.12668201128389522
3455,0.12668201128389522
3456,0.12668201128389522
3457,0.12668201128382212
3458,0.12668201128382212
3459,0.12668201128382212
3460,0.1266820112839193
3461,0.1266820112839193
3462,0.1266820112839193
3463,0.1266820112839597
3464,0.1266820112839597
3465,0.1266820112839597
3466,0.126682011283837
3467,0.126682011283837
3468,0.126682011283837
3469,0.12668201128386594
3470,0.12668201128386594
3471,0.12668201128386594
3472,0.12668201128379544
3473,0.12668201128379544
3474,0.12668201128379544
3475,0.12668201128397283
3476,0.12668201128397283
3477,0.12668201128397283
3478,0.12668201128383963
3479,0.12668201128383963
3480,0.12668201128383963
3481,0.12668201128383963
3482,0.12668201128386083
3483,0.12668201128386083
3484,0.12668201128386083
3485,0.12668201128386083
3486,0.12668201128384632
3487,0.12668201128384632
3488,0.12668201128384632
3489,0.12668201128384632
3490,0.12668201128394993
3491,0.12668201128394993
3492,0.12668201128394993
3493,0.12668201128394993
3494,0.1266820112839203
3495,0.1266820112839203
3496,0.1266820112839203
3497,0.1266820112839203
3498,0.12668201128384016
3499,0.12668201128384016
3500,0.12668201128384016
3501,0.12668201128390447
3502,0.12668201128390447
3503,0.12668201128390447
3504,0.12668201128379447
3505,0.12668201128379447
3506,0.12668201128379447
3507,0.12668201128392187
3508,0.12668201128392187
3509,0.12668201128392187
3510,0.12668201128385592
3511,0.12668201128385592
3512,0.12668201128385592
3513,0.1266820112839194
3514,0.1266820112839194
3515,0.1266820112839194
3516,0.12668201128395867
3517,0.12668201128395867
3518,0.12668201128395867
3519,0.12668201128377338
3520,0.12668201128377338
3521,0.12668201128377338
3522,0.1266820112839262
3523,0.1266820112839262
3524,0.1266820112839262
3525,0.1266820112839227
3526,0.1266820112839227
3527,0.1266820112839227
3528,0.1266820112839227
3529,0.12668201128393705
3530,0.12668201128393705
3531,0.12668201128393705
3532,0.12668201128393705
3533,0.12668201128391907
3534,0.12668201128391907
3535,0.12668201128391907
3536,0.12668201128391907
3537,0.12668201128385323
3538,0.12668201128385323
3539,0.12668201128385323
3540,0.12668201128385323
3541,0.1266820112838602
3542,0.1266820112838602
3543,0.1266820112838602
3544,0.1266820112838602
3545,0.12668201128391415
3546,0.12668201128391415
3547,0.12668201128391415
3548,0.12668201128391415
3549,0.1266820112837695
3550,0.1266820112837695
3551,0.1266820112837695
3552,0.1266820112837695
3553,0.12668201128393347
3554,0.12668201128393347
3555,0.12668201128393347
3556,0.12668201128393347
3557,0.12668201128386528
3558,0.12668201128386528
3559,0.12668201128386528
3560,0.12668201128386528
3561,0.1266820112839342
3562,0.1266820112839342
3563,0.1266820112839342
3564,0.1266820112839342
3565,0.12668201128394035
3566,0.12668201128394035
3567,0.12668201128394035
3568,0.12668201128394035
3569,0.12668201128392084
3570,0.12668201128392084
3571,0.12668201128392084
3572,0.12668201128392084
3573,0.12668201128389572
3574,0.12668201128389572
3575,0.12668201128389572
3576,0.12668201128389572
3577,0.12668201128393297
3578,0.12668201128393297
3579,0.12668201128393297
3580,0.12668201128393297
3581,0.12668201128393297
3582,0.12668201128385
3583,0.12668201128385
3584,0.12668201128385
3585,0.12668201128385
3586,0.12668201128385
3587,0.12668201128383033
3588,0.12668201128383033
3589,0.12668201128383033
3590,0.12668201128383033
3591,0.12668201128383033
3592,0.12668201128382417
3593,0.12668201128382417
3594,0.12668201128382417
3595,0.12668201128382417
3596,0.12668201128382417
3597,0.12668201128387746
3598,0.12668201128387746
3599,0.12668201128387746
3600,0.12668201128387746
3601,0.12668201128387746
3602,0.126682011283939
3603,0.126682011283939
3604,0.126682011283939
3605,0.126682011283939
3606,0.126682011283939
3607,0.1266820112837795
3608,0.1266820112837795
3609,0.1266820112837795
3610,0.1266820112837795
3611,0.1266820112837795
3612,0.12668201128388254
3613,0.12668201128388254
3614,0.12668201128388254
3615,0.12668201128388254
3616,0.12668201128388254
3617,0.12668201128379386
3618,0.12668201128379386
3619,0.12668201128379386
3620,0.12668201128379386
3621,0.12668201128379386
